INSERT INTO public.auth_permission ("id","content_type_id","codename","name") VALUES (1,1,'add_logentry','Can add log entry');
INSERT INTO public.auth_permission ("id","content_type_id","codename","name") VALUES (2,1,'change_logentry','Can change log entry');
INSERT INTO public.auth_permission ("id","content_type_id","codename","name") VALUES (3,1,'delete_logentry','Can delete log entry');
INSERT INTO public.auth_permission ("id","content_type_id","codename","name") VALUES (4,1,'view_logentry','Can view log entry');
INSERT INTO public.auth_permission ("id","content_type_id","codename","name") VALUES (5,2,'add_permission','Can add permission');
INSERT INTO public.auth_permission ("id","content_type_id","codename","name") VALUES (6,2,'change_permission','Can change permission');
INSERT INTO public.auth_permission ("id","content_type_id","codename","name") VALUES (7,2,'delete_permission','Can delete permission');
INSERT INTO public.auth_permission ("id","content_type_id","codename","name") VALUES (8,2,'view_permission','Can view permission');
INSERT INTO public.auth_permission ("id","content_type_id","codename","name") VALUES (9,3,'add_group','Can add group');
INSERT INTO public.auth_permission ("id","content_type_id","codename","name") VALUES (10,3,'change_group','Can change group');
INSERT INTO public.auth_permission ("id","content_type_id","codename","name") VALUES (11,3,'delete_group','Can delete group');
INSERT INTO public.auth_permission ("id","content_type_id","codename","name") VALUES (12,3,'view_group','Can view group');
INSERT INTO public.auth_permission ("id","content_type_id","codename","name") VALUES (13,4,'add_contenttype','Can add content type');
INSERT INTO public.auth_permission ("id","content_type_id","codename","name") VALUES (14,4,'change_contenttype','Can change content type');
INSERT INTO public.auth_permission ("id","content_type_id","codename","name") VALUES (15,4,'delete_contenttype','Can delete content type');
INSERT INTO public.auth_permission ("id","content_type_id","codename","name") VALUES (16,4,'view_contenttype','Can view content type');
INSERT INTO public.auth_permission ("id","content_type_id","codename","name") VALUES (17,5,'add_session','Can add session');
INSERT INTO public.auth_permission ("id","content_type_id","codename","name") VALUES (18,5,'change_session','Can change session');
INSERT INTO public.auth_permission ("id","content_type_id","codename","name") VALUES (19,5,'delete_session','Can delete session');
INSERT INTO public.auth_permission ("id","content_type_id","codename","name") VALUES (20,5,'view_session','Can view session');
INSERT INTO public.auth_permission ("id","content_type_id","codename","name") VALUES (21,6,'add_usuario','Can add Usuario');
INSERT INTO public.auth_permission ("id","content_type_id","codename","name") VALUES (22,6,'change_usuario','Can change Usuario');
INSERT INTO public.auth_permission ("id","content_type_id","codename","name") VALUES (23,6,'delete_usuario','Can delete Usuario');
INSERT INTO public.auth_permission ("id","content_type_id","codename","name") VALUES (24,6,'view_usuario','Can view Usuario');
INSERT INTO public.auth_permission ("id","content_type_id","codename","name") VALUES (25,7,'add_carrito','Can add carrito');
INSERT INTO public.auth_permission ("id","content_type_id","codename","name") VALUES (26,7,'change_carrito','Can change carrito');
INSERT INTO public.auth_permission ("id","content_type_id","codename","name") VALUES (27,7,'delete_carrito','Can delete carrito');
INSERT INTO public.auth_permission ("id","content_type_id","codename","name") VALUES (28,7,'view_carrito','Can view carrito');
INSERT INTO public.auth_permission ("id","content_type_id","codename","name") VALUES (29,8,'add_carta','Can add carta');
INSERT INTO public.auth_permission ("id","content_type_id","codename","name") VALUES (30,8,'change_carta','Can change carta');
INSERT INTO public.auth_permission ("id","content_type_id","codename","name") VALUES (31,8,'delete_carta','Can delete carta');
INSERT INTO public.auth_permission ("id","content_type_id","codename","name") VALUES (32,8,'view_carta','Can view carta');
INSERT INTO public.auth_permission ("id","content_type_id","codename","name") VALUES (33,9,'add_cartacategoria','Can add carta categoria');
INSERT INTO public.auth_permission ("id","content_type_id","codename","name") VALUES (34,9,'change_cartacategoria','Can change carta categoria');
INSERT INTO public.auth_permission ("id","content_type_id","codename","name") VALUES (35,9,'delete_cartacategoria','Can delete carta categoria');
INSERT INTO public.auth_permission ("id","content_type_id","codename","name") VALUES (36,9,'view_cartacategoria','Can view carta categoria');
INSERT INTO public.auth_permission ("id","content_type_id","codename","name") VALUES (37,10,'add_contacto','Can add contacto');
INSERT INTO public.auth_permission ("id","content_type_id","codename","name") VALUES (38,10,'change_contacto','Can change contacto');
INSERT INTO public.auth_permission ("id","content_type_id","codename","name") VALUES (39,10,'delete_contacto','Can delete contacto');
INSERT INTO public.auth_permission ("id","content_type_id","codename","name") VALUES (40,10,'view_contacto','Can view contacto');
INSERT INTO public.auth_permission ("id","content_type_id","codename","name") VALUES (41,11,'add_libro','Can add libro');
INSERT INTO public.auth_permission ("id","content_type_id","codename","name") VALUES (42,11,'change_libro','Can change libro');
INSERT INTO public.auth_permission ("id","content_type_id","codename","name") VALUES (43,11,'delete_libro','Can delete libro');
INSERT INTO public.auth_permission ("id","content_type_id","codename","name") VALUES (44,11,'view_libro','Can view libro');
INSERT INTO public.auth_permission ("id","content_type_id","codename","name") VALUES (45,12,'add_librocategoria','Can add libro categoria');
INSERT INTO public.auth_permission ("id","content_type_id","codename","name") VALUES (46,12,'change_librocategoria','Can change libro categoria');
INSERT INTO public.auth_permission ("id","content_type_id","codename","name") VALUES (47,12,'delete_librocategoria','Can delete libro categoria');
INSERT INTO public.auth_permission ("id","content_type_id","codename","name") VALUES (48,12,'view_librocategoria','Can view libro categoria');
INSERT INTO public.auth_permission ("id","content_type_id","codename","name") VALUES (49,13,'add_usuarioxcarrito','Can add usuario x carrito');
INSERT INTO public.auth_permission ("id","content_type_id","codename","name") VALUES (50,13,'change_usuarioxcarrito','Can change usuario x carrito');
INSERT INTO public.auth_permission ("id","content_type_id","codename","name") VALUES (51,13,'delete_usuarioxcarrito','Can delete usuario x carrito');
INSERT INTO public.auth_permission ("id","content_type_id","codename","name") VALUES (52,13,'view_usuarioxcarrito','Can view usuario x carrito');
INSERT INTO public.auth_permission ("id","content_type_id","codename","name") VALUES (53,14,'add_librosxcarrito','Can add libros x carrito');
INSERT INTO public.auth_permission ("id","content_type_id","codename","name") VALUES (54,14,'change_librosxcarrito','Can change libros x carrito');
INSERT INTO public.auth_permission ("id","content_type_id","codename","name") VALUES (55,14,'delete_librosxcarrito','Can delete libros x carrito');
INSERT INTO public.auth_permission ("id","content_type_id","codename","name") VALUES (56,14,'view_librosxcarrito','Can view libros x carrito');
INSERT INTO public.auth_permission ("id","content_type_id","codename","name") VALUES (57,15,'add_cartaxcarrito','Can add carta x carrito');
INSERT INTO public.auth_permission ("id","content_type_id","codename","name") VALUES (58,15,'change_cartaxcarrito','Can change carta x carrito');
INSERT INTO public.auth_permission ("id","content_type_id","codename","name") VALUES (59,15,'delete_cartaxcarrito','Can delete carta x carrito');
INSERT INTO public.auth_permission ("id","content_type_id","codename","name") VALUES (60,15,'view_cartaxcarrito','Can view carta x carrito');
INSERT INTO public.auth_permission ("id","content_type_id","codename","name") VALUES (61,16,'add_relcartacategoria','Can add rel carta categoria');
INSERT INTO public.auth_permission ("id","content_type_id","codename","name") VALUES (62,16,'change_relcartacategoria','Can change rel carta categoria');
INSERT INTO public.auth_permission ("id","content_type_id","codename","name") VALUES (63,16,'delete_relcartacategoria','Can delete rel carta categoria');
INSERT INTO public.auth_permission ("id","content_type_id","codename","name") VALUES (64,16,'view_relcartacategoria','Can view rel carta categoria');
INSERT INTO public.auth_permission ("id","content_type_id","codename","name") VALUES (65,17,'add_librosxlibreriacategoria','Can add libros x libreria categoria');
INSERT INTO public.auth_permission ("id","content_type_id","codename","name") VALUES (66,17,'change_librosxlibreriacategoria','Can change libros x libreria categoria');
INSERT INTO public.auth_permission ("id","content_type_id","codename","name") VALUES (67,17,'delete_librosxlibreriacategoria','Can delete libros x libreria categoria');
INSERT INTO public.auth_permission ("id","content_type_id","codename","name") VALUES (68,17,'view_librosxlibreriacategoria','Can view libros x libreria categoria');
INSERT INTO public.django_content_type ("id","app_label","model") VALUES (1,'admin','logentry');
INSERT INTO public.django_content_type ("id","app_label","model") VALUES (2,'auth','permission');
INSERT INTO public.django_content_type ("id","app_label","model") VALUES (3,'auth','group');
INSERT INTO public.django_content_type ("id","app_label","model") VALUES (4,'contenttypes','contenttype');
INSERT INTO public.django_content_type ("id","app_label","model") VALUES (5,'sessions','session');
INSERT INTO public.django_content_type ("id","app_label","model") VALUES (6,'webapp','usuario');
INSERT INTO public.django_content_type ("id","app_label","model") VALUES (7,'webapp','carrito');
INSERT INTO public.django_content_type ("id","app_label","model") VALUES (8,'webapp','carta');
INSERT INTO public.django_content_type ("id","app_label","model") VALUES (9,'webapp','cartacategoria');
INSERT INTO public.django_content_type ("id","app_label","model") VALUES (10,'webapp','contacto');
INSERT INTO public.django_content_type ("id","app_label","model") VALUES (11,'webapp','libro');
INSERT INTO public.django_content_type ("id","app_label","model") VALUES (12,'webapp','librocategoria');
INSERT INTO public.django_content_type ("id","app_label","model") VALUES (13,'webapp','usuarioxcarrito');
INSERT INTO public.django_content_type ("id","app_label","model") VALUES (14,'webapp','librosxcarrito');
INSERT INTO public.django_content_type ("id","app_label","model") VALUES (15,'webapp','cartaxcarrito');
INSERT INTO public.django_content_type ("id","app_label","model") VALUES (16,'webapp','relcartacategoria');
INSERT INTO public.django_content_type ("id","app_label","model") VALUES (17,'webapp','librosxlibreriacategoria');
INSERT INTO public.django_migrations ("id","app","name","applied") VALUES (1,'contenttypes','0001_initial','2025-01-06 15:17:49.988374');
INSERT INTO public.django_migrations ("id","app","name","applied") VALUES (2,'contenttypes','0002_remove_content_type_name','2025-01-06 15:17:49.998387');
INSERT INTO public.django_migrations ("id","app","name","applied") VALUES (3,'auth','0001_initial','2025-01-06 15:17:50.013527');
INSERT INTO public.django_migrations ("id","app","name","applied") VALUES (4,'auth','0002_alter_permission_name_max_length','2025-01-06 15:17:50.022536');
INSERT INTO public.django_migrations ("id","app","name","applied") VALUES (5,'auth','0003_alter_user_email_max_length','2025-01-06 15:17:50.029621');
INSERT INTO public.django_migrations ("id","app","name","applied") VALUES (6,'auth','0004_alter_user_username_opts','2025-01-06 15:17:50.037239');
INSERT INTO public.django_migrations ("id","app","name","applied") VALUES (7,'auth','0005_alter_user_last_login_null','2025-01-06 15:17:50.044115');
INSERT INTO public.django_migrations ("id","app","name","applied") VALUES (8,'auth','0006_require_contenttypes_0002','2025-01-06 15:17:50.047549');
INSERT INTO public.django_migrations ("id","app","name","applied") VALUES (9,'auth','0007_alter_validators_add_error_messages','2025-01-06 15:17:50.055354');
INSERT INTO public.django_migrations ("id","app","name","applied") VALUES (10,'auth','0008_alter_user_username_max_length','2025-01-06 15:17:50.061354');
INSERT INTO public.django_migrations ("id","app","name","applied") VALUES (11,'auth','0009_alter_user_last_name_max_length','2025-01-06 15:17:50.068901');
INSERT INTO public.django_migrations ("id","app","name","applied") VALUES (12,'auth','0010_alter_group_name_max_length','2025-01-06 15:17:50.077502');
INSERT INTO public.django_migrations ("id","app","name","applied") VALUES (13,'auth','0011_update_proxy_permissions','2025-01-06 15:17:50.083643');
INSERT INTO public.django_migrations ("id","app","name","applied") VALUES (14,'auth','0012_alter_user_first_name_max_length','2025-01-06 15:17:50.090057');
INSERT INTO public.django_migrations ("id","app","name","applied") VALUES (15,'webapp','0001_initial','2025-01-06 15:17:50.147929');
INSERT INTO public.django_migrations ("id","app","name","applied") VALUES (16,'admin','0001_initial','2025-01-06 15:17:50.164937');
INSERT INTO public.django_migrations ("id","app","name","applied") VALUES (17,'admin','0002_logentry_remove_auto_add','2025-01-06 15:17:50.176135');
INSERT INTO public.django_migrations ("id","app","name","applied") VALUES (18,'admin','0003_logentry_add_action_flag_choices','2025-01-06 15:17:50.188145');
INSERT INTO public.django_migrations ("id","app","name","applied") VALUES (19,'sessions','0001_initial','2025-01-06 15:17:50.194142');
INSERT INTO public.django_migrations ("id","app","name","applied") VALUES (20,'webapp','0002_auto_20250106_1017','2025-01-06 15:17:50.205412');
INSERT INTO public.django_session ("session_key","session_data","expire_date") VALUES ('o2k20ywkyxebq3j424irgxh14n2udzd3','eyJjYXJyaXRvIjp7fX0:1tUovY:HYiqRuKdYUsVdfH_-xVRaiDoDpv1fMeoL06FrBP_69g','2025-01-20 15:22:00.461784');
INSERT INTO public.django_session ("session_key","session_data","expire_date") VALUES ('82mvthqgewfeo63vx8wy67mzmgi52ddh','.eJxVjEEOwiAQRe_C2pAZGKR16d4zkAEGWzUlKe3KeHdD0oVu_3vvv1XgfZvC3mQNc1YXZdTpd4ucnrJ0kB-83KtOddnWOequ6IM2fatZXtfD_TuYuE29Ficeibg4ZEs4-IhkLJIfIjjDrowyChJGHJ0dAM4ALhlrgErBBOrzBbqqNmI:1tUp1C:cWtGm6dfODlzCVjL-Sawyx0ZQDDnady34m7M-5e6drA','2025-01-20 15:27:50.833182');
INSERT INTO public.django_session ("session_key","session_data","expire_date") VALUES ('u3p43p09gs0bluegg9ndjxuedaqf1wrl','.eJxVjMsOwiAQRf-FtSE8C7h07zeQYRikaiAp7cr479qkC93ec859sQjbWuM2aIlzZmcm2el3S4APajvId2i3zrG3dZkT3xV-0MGvPdPzcrh_BxVG_dZoiiF0wuYgUQAUVygAEBYnrUbQQkxaOYNQJpWN1xm9dx5L0lYFQez9AQuxOJE:1tVJST:0KboQ5Baw6WaS_N6M5HtMZOHKCv8aXhDiu_b6NOa4qw','2025-01-21 23:58:01.271345');
INSERT INTO public.django_session ("session_key","session_data","expire_date") VALUES ('s96r3y6529vqjtb2cngdqp7v345k13zb','.eJw1jEsOgjAQhq9CJnFHWiqaKDuMG6McopQqk9BO044rwt0dFu7-57eCszkjE3QrvB63YXjuCifo_raGSGHMXpI7Zu8YKVYp09uXItIulf34yEqGSWoUlDmpi6kFHRknK6y2BsYkDSw4ZpIphv0lgQ5-Qqtn5lQOba8TuvINKs3EVLRpmqs-H2Hbth9wRjcm:1tVxzP:xxxOdDAmewlgab3HjqOg1A9MiM6WfKGeNeYXq6Of4nY','2025-01-23 19:14:43.380389');
INSERT INTO public.django_session ("session_key","session_data","expire_date") VALUES ('6czoelwpu38rx63pum0qrknie1padcds','.eJyNj0ELgkAQhf9KDHQT11zQ9GZdChLCU9d1XXJI3WVdoZD9701Q4rHbvPeGx_dmkMJadBryGS7nQ3m9fS5sIP_JAAbd11aRc1Ki2RjdoVQb9RTSda-QcmOVRGrIwmgXUOHgsBHUQMKhoQA6rK2mT-zFXQ1ksF41KFjrnBm3vGAG5Tj1oWm10yPj-5ilUQo-gGNRlfaxMH3liqlSo54sAcnJrGF4EsbxmoYvNDTZif9p4oizJAPv_RsBoF8k:1tVyDq:QQvS3ZjlUkL8jmshROuM3rNRTMFkrsvabrlwu8q743c','2025-01-23 19:29:38.864084');
INSERT INTO public.django_session ("session_key","session_data","expire_date") VALUES ('7e7u2bjpntkv1zceicvjkr9clolvupts','.eJw1jMEKwjAQRH-lLHgrSW0P1d7sSUHBo9c0WexC0oR0BaXk310P3mbmDW8Da3ImjjBscL2Mt_vjl8jB8K81LDFMGWU5o3FVip4sVvg2lv1HCU8ZLYnhqJp9LcKFyRkxtDUwJQHgacpRnhTMExcZdEBHRs_Mad11J53Irq-g0hw5rro7tLpveiilfAEKlzM-:1tVyHS:kcSJ2tt9Ghl6zvupOTH-aJyDei1Gq9jGdNrfBVYQgl8','2025-01-23 19:33:22.368901');
INSERT INTO public.django_session ("session_key","session_data","expire_date") VALUES ('qgpgj2rowbxizqpr9dxfwt8sub02t68n','.eJxVjstugzAQRX-lstQdMg8DhuwaZVOp_QY0jMfgBGzLOFKliH-vqdJFdjPn3jOaB0MIwUTHTg_29Xn28-WYjGKn_zVj1q1joEQubnqjH08YecI-EJoklhWvZJYO2WgUJLPMWDQ-JWwxY3CpalaYyCaQr6QM5HOMfnsXH7lfAOlmYiTL0a25kDJve7bvGRvgHufhvlEY_t4p2QsbAW9kj0BdwU4u6TYGM_Kjwp_pxr-douX87L4cmGGbk421rgll0ai-xAJAS009AKGWZSMQRFG0opI1gm4rVXdCYdfJDvUomqoviO2_hvFolg:1tWENk:aqvHL_f-rmRTqE8iHinKjE5qDaQFTlj3CZUfzG922Ko','2025-01-24 12:44:56.849057');
INSERT INTO public.django_session ("session_key","session_data","expire_date") VALUES ('hikh7ctkse0usyudvfbq3cqseu9hzyug','.eJxVjMsOwiAQRf-FtSE8C7h07zeQYRikaiAp7cr479qkC93ec859sQjbWuM2aIlzZmcm2el3S4APajvId2i3zrG3dZkT3xV-0MGvPdPzcrh_BxVG_dZoiiF0wuYgUQAUVygAEBYnrUbQQkxaOYNQJpWN1xm9dx5L0lYFQez9AQuxOJE:1tWGWJ:A90pvufk6p4KLUDdL-0ljfN4TKbjZwfRkcFRRqw8VVQ','2025-01-24 15:01:55.948931');
INSERT INTO public.django_session ("session_key","session_data","expire_date") VALUES ('3xdf8hzpappxchqp46by1iml2chugdgr','.eJxVjEEOwiAQRe_C2pAZGKR16d4zkAEGWzUlKe3KeHdD0oVu_3vvv1XgfZvC3mQNc1YXZdTpd4ucnrJ0kB-83KtOddnWOequ6IM2fatZXtfD_TuYuE29Ficeibg4ZEs4-IhkLJIfIjjDrowyChJGHJ0dAM4ALhlrgErBBOrzBbqqNmI:1tWI64:xM2jfM3DrKC_yZ5Bzalmr9Rrsy6Xr9I8jDzNOueh8fc','2025-01-24 16:42:56.807762');
INSERT INTO public.django_session ("session_key","session_data","expire_date") VALUES ('gc505qtdsjom2ysib4apvu9qtalcabxc','.eJxVjjtuwzAQRK8SEEgnUPzq485J7cYXEFbUyqIdkQRJVYbuHipwCne782YG8yQGYrTZk9OTfJ-vl_g4LjuR0_9bEefXMWJRrpj8Fg1-mC3QAkJEY0tUNlSIqlS5bCcoWVmRbEMhR32GYrUr3NAVoV5xslAvOYf0Kc91sCZtKw2Lzz7Vgsm66cm-V2SALS_DljAOf3MEedNGMA90B5ju4G6eGu9ytCM9LPRFE734CX--Xt63ggXScqRRY8uVgllzkIp37ciVkFy13ci0AD332CNXfOS9lh1jDWPaCCmYmmduGNl_AZCdZrM:1tWIAG:jB6JA2dgcHa7EAtDJxADEuJumG6mTEHKKrx08Tg0EiY','2025-01-24 16:47:16.974070');
INSERT INTO public.django_session ("session_key","session_data","expire_date") VALUES ('gsj9va7eal9ba6vj39pbfgflxc20sxpi','.eJxVjMsOwiAQRf-FtSGURwGX7v0GMswMUjU0Ke3K-O_apAvd3nPOfYkE21rT1nlJE4mz0OL0u2XAB7cd0B3abZY4t3WZstwVedAurzPx83K4fwcVev3WaItl9MpRHFABFF84AjAWPziDYJQajfYWoYyabDCEIfiAJRuno2Lx_gAMSjiS:1tYhhM:iLkCGszbtfBMvknbydCH_s2riST-brNtYjinOhcMdqI','2025-01-31 08:27:24.617255');
INSERT INTO public.webapp_carrito ("carCodigo","carSubtotal","carIva","carTotal","carStatus") VALUES ('C-00001',100.27,17.3,115.31,'ENT');
INSERT INTO public.webapp_carrito ("carCodigo","carSubtotal","carIva","carTotal","carStatus") VALUES ('C-00002',51.59,8.9,59.33,'ENT');
INSERT INTO public.webapp_carrito ("carCodigo","carSubtotal","carIva","carTotal","carStatus") VALUES ('C-00003',191.64,33.06,220.39,'ACT');
INSERT INTO public.webapp_carrito ("carCodigo","carSubtotal","carIva","carTotal","carStatus") VALUES ('C-00004',15.67,2.7,18.02,'ACT');
INSERT INTO public.webapp_carta ("carCodigo","carNombre","carCantidad","carDescripcion","carPrecio","carFoto","carStatus") VALUES ('CARMrk','Resource cup.',3,'Heart myself risk policy space worker ready. Local cold answer where believe mean knowledge water.
Far finally green born break. Perhaps use adult put issue window anything. Wife itself but night week they traditional generation.',36.22,'https://picsum.photos/203/69','ACT');
INSERT INTO public.webapp_carta ("carCodigo","carNombre","carCantidad","carDescripcion","carPrecio","carFoto","carStatus") VALUES ('CARvSb','Key finally source.',3,'Court senior of chair several position newspaper. Any work several various. Take another often girl court return.',22.32,'https://dummyimage.com/711x543','ACT');
INSERT INTO public.webapp_carta ("carCodigo","carNombre","carCantidad","carDescripcion","carPrecio","carFoto","carStatus") VALUES ('CARnMn','News PM.',5,'Machine board author individual again local TV car. Their oil ground conference role.
Add collection son. Bed drop reveal result cover light heavy. Land day what position turn.',13.46,'https://dummyimage.com/330x47','ACT');
INSERT INTO public.webapp_carta ("carCodigo","carNombre","carCantidad","carDescripcion","carPrecio","carFoto","carStatus") VALUES ('CARySH','South let adult.',2,'Station when history in.
Usually away give administration test. Fly author guess above area language owner least. Material best former big outside lay.
Each reflect property final. Military garden guy market outside Mrs cold.',39.98,'https://placekitten.com/659/718','ACT');
INSERT INTO public.webapp_carta ("carCodigo","carNombre","carCantidad","carDescripcion","carPrecio","carFoto","carStatus") VALUES ('CARrti','Success tax agree.',4,'Any a mind choose.

Draw religious worker give score management difference car. Best factor environment white area. Whose safe hot city follow dark smile.

Some close ten for small charge performance. Inside teacher level beat finally pull large.',39.99,'https://placekitten.com/870/849','ACT');
INSERT INTO public.webapp_carta ("carCodigo","carNombre","carCantidad","carDescripcion","carPrecio","carFoto","carStatus") VALUES ('CARaMz','Suddenly mouth rule.',4,'Among trial single performance. Military culture simple. Either than open forward recently summer. Important upon stay identify against.
We read heavy happen interview nice. Sometimes do administration first agency interest.',6.65,'https://placekitten.com/341/939','ACT');
INSERT INTO public.webapp_carta ("carCodigo","carNombre","carCantidad","carDescripcion","carPrecio","carFoto","carStatus") VALUES ('CARlpc','Prevent others.',5,'Myself most tend either miss. Air yes majority building behavior.
Why your chance find me. Dinner still contain.
Responsibility month ten score Mrs rise. Write fund purpose. Animal five cover dream itself.',40.53,'https://dummyimage.com/653x240','ACT');
INSERT INTO public.webapp_carta ("carCodigo","carNombre","carCantidad","carDescripcion","carPrecio","carFoto","carStatus") VALUES ('CARMok','Vote else.',5,'Laugh sort four catch exactly. Rather message but until itself him night. Stuff build those either.
News government successful if yeah.
Building draw report home. Stage woman chance. Player quickly three. Truth him class give.',19.65,'https://dummyimage.com/53x49','ACT');
INSERT INTO public.webapp_carta ("carCodigo","carNombre","carCantidad","carDescripcion","carPrecio","carFoto","carStatus") VALUES ('CARuMI','Clearly.',5,'Leave lead some huge sing. Structure whole court born gas above season high.
View section get culture. Ask need race edge in fear response. While phone daughter real line either.
Smile wall mouth.',29.55,'https://picsum.photos/239/135','ACT');
INSERT INTO public.webapp_carta ("carCodigo","carNombre","carCantidad","carDescripcion","carPrecio","carFoto","carStatus") VALUES ('CARdTA','Education car appear.',1,'But this reveal. Final a strategy start think upon along. Position man two phone with character physical action.
Mother take official identify. Way hotel remain citizen believe.',10.67,'https://placekitten.com/87/920','ACT');
INSERT INTO public.webapp_carta ("carCodigo","carNombre","carCantidad","carDescripcion","carPrecio","carFoto","carStatus") VALUES ('CARkrr','Within process time.',2,'Order cause floor ask single. Call thought really maintain same scientist young age.
Character describe mention address exactly. Question operation test agreement road.',16.03,'https://placekitten.com/921/973','ACT');
INSERT INTO public.webapp_carta ("carCodigo","carNombre","carCantidad","carDescripcion","carPrecio","carFoto","carStatus") VALUES ('CARLQL','Up serious hair.',4,'Building quickly might practice mother option. Exist prove check rather bring.
Western end page professor field response. Body surface expect future similar into certainly account.',11.01,'https://placekitten.com/50/942','ACT');
INSERT INTO public.webapp_carta ("carCodigo","carNombre","carCantidad","carDescripcion","carPrecio","carFoto","carStatus") VALUES ('CARqcJ','Idea interest.',4,'Eat nearly risk book even list. Though action quality mean class care money.
Since though well total whatever defense word. Enter paper everyone leader political above worker. Music employee rich during official so. Fine this past above.',29.03,'https://picsum.photos/739/173','ACT');
INSERT INTO public.webapp_carta ("carCodigo","carNombre","carCantidad","carDescripcion","carPrecio","carFoto","carStatus") VALUES ('CARbWe','Lose time bank unit.',2,'Chance these interesting thousand subject. Example whether board day describe less image. Loss eight campaign short.
Fight suddenly this wide top me than. Management together dream. Chair court threat across listen skill fall.',26.73,'https://placekitten.com/129/686','ACT');
INSERT INTO public.webapp_carta ("carCodigo","carNombre","carCantidad","carDescripcion","carPrecio","carFoto","carStatus") VALUES ('CARpeU','Father little.',3,'Our air into heart PM learn present. Price simple important attack sense speak.
About east save pattern federal. Person street benefit. Note human represent need production matter south.',37.32,'https://picsum.photos/742/617','ACT');
INSERT INTO public.webapp_carta ("carCodigo","carNombre","carCantidad","carDescripcion","carPrecio","carFoto","carStatus") VALUES ('CAROrl','When official.',5,'Within realize work themselves media. When spring meet close.
Policy sell easy serious agent. Quite administration remain international around garden. Color dream create look sense. Give generation now age similar us.',30.71,'https://dummyimage.com/191x481','ACT');
INSERT INTO public.webapp_carta ("carCodigo","carNombre","carCantidad","carDescripcion","carPrecio","carFoto","carStatus") VALUES ('CARDyw','Authority herself must.',2,'Likely strategy help pattern or talk all. Seek billion ball difference tough suggest. Safe never at film measure whole fund.
Ability coach industry. Seem change positive decade cold purpose him. Land stage science customer inside option create.',46.88,'https://placekitten.com/864/607','ACT');
INSERT INTO public.webapp_carta ("carCodigo","carNombre","carCantidad","carDescripcion","carPrecio","carFoto","carStatus") VALUES ('CARZLs','If water.',2,'Truth cut analysis we throughout. Else fear score across. Either argue place catch perform.
Energy audience high nice. Father tend forget hear one growth. Front reality gas forward week water.',31.75,'https://picsum.photos/1005/122','ACT');
INSERT INTO public.webapp_carta ("carCodigo","carNombre","carCantidad","carDescripcion","carPrecio","carFoto","carStatus") VALUES ('CARRcG','Term go life.',5,'Billion charge available buy opportunity late book whose. Such third shake important list.
Coach without certain recognize religious look late music.
Certainly Republican light action road growth.
Out second you how there. Throughout draw why.',45.77,'https://placekitten.com/940/595','ACT');
INSERT INTO public.webapp_carta ("carCodigo","carNombre","carCantidad","carDescripcion","carPrecio","carFoto","carStatus") VALUES ('CARmpG','Foot simply institution.',4,'Almost of enough. Recent employee election film force language.
Main need together everyone outside. Week free win character. Growth article yourself card reduce.
Cost environmental some consider. Later her yourself listen meet environment American.',33.21,'https://dummyimage.com/880x763','ACT');
INSERT INTO public.webapp_carta ("carCodigo","carNombre","carCantidad","carDescripcion","carPrecio","carFoto","carStatus") VALUES ('CARddS','Become top responsibility.',5,'Experience traditional particular federal. Industry rich range age finish central. Production today born million economy girl bar management.',29.31,'https://placekitten.com/123/958','ACT');
INSERT INTO public.webapp_carta ("carCodigo","carNombre","carCantidad","carDescripcion","carPrecio","carFoto","carStatus") VALUES ('CARBzg','Change into as.',1,'Resource not produce baby agent particularly nor. Congress authority main couple floor standard carry. Economy value bag.
Great man not president increase red. Could team military computer stand.',18.37,'https://picsum.photos/642/668','ACT');
INSERT INTO public.webapp_carta ("carCodigo","carNombre","carCantidad","carDescripcion","carPrecio","carFoto","carStatus") VALUES ('CARwDo','Clear level forward.',5,'World analysis reflect red collection. North operation down population view to campaign two.
Religious my daughter moment nature coach soon plant. Small word audience. Middle he deal able fact.',21.84,'https://placekitten.com/73/568','ACT');
INSERT INTO public.webapp_carta ("carCodigo","carNombre","carCantidad","carDescripcion","carPrecio","carFoto","carStatus") VALUES ('CARzau','Later his my.',5,'Instead now to federal sound method. Cup pressure nor performance sort suggest. Ten four economy end detail including your.',18.36,'https://placekitten.com/42/633','ACT');
INSERT INTO public.webapp_carta ("carCodigo","carNombre","carCantidad","carDescripcion","carPrecio","carFoto","carStatus") VALUES ('CARjrw','Choose which.',4,'Establish certain play first. Book water finish sound. Poor talk end face somebody place check.
Do recently tax experience blood.
News worry above mind peace. Computer identify political popular can.',32.36,'https://placekitten.com/670/991','ACT');
INSERT INTO public.webapp_carta ("carCodigo","carNombre","carCantidad","carDescripcion","carPrecio","carFoto","carStatus") VALUES ('CARClK','Already always word.',1,'Society group child at trouble Mrs cut. May record animal professor represent bag officer attack. To face enough continue.
Born yes determine run model instead. For one beyond prepare foot strategy.',13.75,'https://picsum.photos/949/566','ACT');
INSERT INTO public.webapp_carta ("carCodigo","carNombre","carCantidad","carDescripcion","carPrecio","carFoto","carStatus") VALUES ('CARDoK','Later talk she record.',3,'Occur nice so. Pretty try example Republican. Star newspaper toward community shoulder.
Current base customer listen. At responsibility effect maybe according feel involve person. Window sure room ask.',37,'https://placekitten.com/804/71','ACT');
INSERT INTO public.webapp_carta ("carCodigo","carNombre","carCantidad","carDescripcion","carPrecio","carFoto","carStatus") VALUES ('CARYLk','Area.',3,'Recently south player remain nice property. Reality reach decade next. These recent pattern civil more think.
Painting fire best sense cell smile center. Produce sport guy fill mission foreign machine popular.',24.19,'https://placekitten.com/929/973','ACT');
INSERT INTO public.webapp_carta ("carCodigo","carNombre","carCantidad","carDescripcion","carPrecio","carFoto","carStatus") VALUES ('CARIDk','Team do challenge.',1,'Between majority participant laugh possible act put.
Artist water charge wear product expect stuff. Crime room network fund let quality.',22.61,'https://placekitten.com/640/457','ACT');
INSERT INTO public.webapp_carta ("carCodigo","carNombre","carCantidad","carDescripcion","carPrecio","carFoto","carStatus") VALUES ('CARqbn','Where hit price.',1,'Political daughter own design carry back energy. Parent sit through factor.
Cup deep government fire miss. How expert keep bit reflect and vote. Congress know claim pass task party past.',49.31,'https://dummyimage.com/398x1019','ACT');
INSERT INTO public.webapp_carta ("carCodigo","carNombre","carCantidad","carDescripcion","carPrecio","carFoto","carStatus") VALUES ('CARcLU','Rest in.',3,'Professional true national tend person wall as man. Safe easy buy different. Do we believe unit exist. Bill group will church.
Water help see. Finish green agent prevent that share. Within interest well perhaps customer across deep.',1.85,'https://dummyimage.com/347x168','ACT');
INSERT INTO public.webapp_carta ("carCodigo","carNombre","carCantidad","carDescripcion","carPrecio","carFoto","carStatus") VALUES ('CAReOi','Century less.',4,'Fear significant meeting present herself sure. Reality pressure collection different dinner view great. Through ready person memory.
Popular item parent board.
Real agency company thought himself. Than issue behavior everyone.',13.11,'https://dummyimage.com/152x131','ACT');
INSERT INTO public.webapp_carta ("carCodigo","carNombre","carCantidad","carDescripcion","carPrecio","carFoto","carStatus") VALUES ('CARkWI','Within he.',5,'Gun hospital central live with family report. Bill guy maybe.
Look even ask by. Style great born.
Student shoulder own. Hour market tree its traditional nice million. Technology participant manage million a.',7.91,'https://placekitten.com/132/923','ACT');
INSERT INTO public.webapp_carta ("carCodigo","carNombre","carCantidad","carDescripcion","carPrecio","carFoto","carStatus") VALUES ('CARsTF','Peace leader forget.',5,'Improve agreement answer spend four Congress. Performance treatment keep purpose. None new production enjoy shoulder design prevent.',25.9,'https://dummyimage.com/45x785','ACT');
INSERT INTO public.webapp_carta ("carCodigo","carNombre","carCantidad","carDescripcion","carPrecio","carFoto","carStatus") VALUES ('CARMOW','Get toward.',2,'Hear east quality article stage guess billion. Experience various check question well nor yet.
Official new experience page choose. His surface raise clear without. Add set whatever third.',28.14,'https://dummyimage.com/50x446','ACT');
INSERT INTO public.webapp_carta ("carCodigo","carNombre","carCantidad","carDescripcion","carPrecio","carFoto","carStatus") VALUES ('CARyZc','Enough.',2,'Cell especially including test official building TV response. Strategy meet shoulder. Professor stop move. See begin near seem part.',21.57,'https://placekitten.com/255/170','ACT');
INSERT INTO public.webapp_carta ("carCodigo","carNombre","carCantidad","carDescripcion","carPrecio","carFoto","carStatus") VALUES ('CARlSw','Mean may create.',5,'Democratic yet site arm state since matter. Recognize improve across add. Option news lose old skin.
Garden baby interest series medical well. Occur today control accept. Culture read good character. Understand senior close play rise run summer.',40.44,'https://dummyimage.com/560x224','ACT');
INSERT INTO public.webapp_carta ("carCodigo","carNombre","carCantidad","carDescripcion","carPrecio","carFoto","carStatus") VALUES ('CARmUi','Policy government.',1,'Season remain enter day memory. Others simply own.
Suddenly lead dream yard. Control plan great whose matter sound approach. Tax born senior author treat do create.
Size want build big brother. Word matter here scientist American pick.',34.72,'https://picsum.photos/9/586','ACT');
INSERT INTO public.webapp_carta ("carCodigo","carNombre","carCantidad","carDescripcion","carPrecio","carFoto","carStatus") VALUES ('CARonP','Sign fill other recently.',5,'Traditional they study speak unit green. Impact help technology very fact. Institution reduce anything.',11.42,'https://dummyimage.com/725x441','ACT');
INSERT INTO public.webapp_carta ("carCodigo","carNombre","carCantidad","carDescripcion","carPrecio","carFoto","carStatus") VALUES ('CARNfh','Perhaps important beautiful.',5,'Foot himself will drug very place management bring. Animal doctor increase teacher recently fall computer.
Perhaps interview together. Cup know sell talk who provide nearly. Moment wife such better.',41.13,'https://dummyimage.com/713x403','ACT');
INSERT INTO public.webapp_carta ("carCodigo","carNombre","carCantidad","carDescripcion","carPrecio","carFoto","carStatus") VALUES ('CARUBU','Pretty chair add.',3,'Ground million inside economic reason strategy training. Think once social. Heart put before personal huge campaign join.
Development official up onto reflect health will.',11.65,'https://dummyimage.com/382x507','ACT');
INSERT INTO public.webapp_carta ("carCodigo","carNombre","carCantidad","carDescripcion","carPrecio","carFoto","carStatus") VALUES ('CARHCs','Note.',1,'Call open memory from. Education pattern than. Help fear need democratic successful boy certainly.
Property decision respond yard religious suffer question writer. Center find indicate poor main pretty. Teacher spring assume age federal.',26.63,'https://placekitten.com/504/959','ACT');
INSERT INTO public.webapp_carta ("carCodigo","carNombre","carCantidad","carDescripcion","carPrecio","carFoto","carStatus") VALUES ('CARpjg','Sea everybody.',4,'Pull now around suffer drive hand. Shoulder than news media. Subject sort explain behind benefit laugh.
Public try test teacher officer once she ability. Stay doctor material capital school discover life billion. Artist war other sit.',40.81,'https://dummyimage.com/286x117','ACT');
INSERT INTO public.webapp_carta ("carCodigo","carNombre","carCantidad","carDescripcion","carPrecio","carFoto","carStatus") VALUES ('CARQlZ','To how huge.',5,'Enjoy business yet. Decision inside society government stuff. Safe black second four history area.
Professor manager left clearly pattern office.
Out energy push financial. Responsibility skin color guy final military clear evening.',8.25,'https://picsum.photos/720/295','ACT');
INSERT INTO public.webapp_carta ("carCodigo","carNombre","carCantidad","carDescripcion","carPrecio","carFoto","carStatus") VALUES ('CARZUg','Today sing gun.',2,'Product rise claim often air out blood. However environment during at.
Line Republican behind city section information represent chair. View opportunity different only. Sport choose least security democratic.',25.29,'https://dummyimage.com/966x407','ACT');
INSERT INTO public.webapp_carta ("carCodigo","carNombre","carCantidad","carDescripcion","carPrecio","carFoto","carStatus") VALUES ('CARIsO','Whatever purpose.',3,'Anything tonight great American shake part green. Finish leader officer. Through computer action top true deep.',4.17,'https://placekitten.com/165/232','ACT');
INSERT INTO public.webapp_carta ("carCodigo","carNombre","carCantidad","carDescripcion","carPrecio","carFoto","carStatus") VALUES ('CARDze','Blue none within big.',2,'Concern hair remember care stage nearly. Six really ball news to a ahead. Page blue push believe.
Decade base upon find truth fear mean. At society admit reduce leader doctor. Cultural girl network exist blue population.',10.48,'https://picsum.photos/478/500','ACT');
INSERT INTO public.webapp_carta ("carCodigo","carNombre","carCantidad","carDescripcion","carPrecio","carFoto","carStatus") VALUES ('CARFiE','Anything serve shoulder.',1,'Agreement just whether price capital machine. Record water glass.
True these morning week seek to.
Worry perform often music town its entire.
Fact those wrong new ability wear person. Term hour affect fast. Month she right perform story artist eye.',28.36,'https://dummyimage.com/955x274','ACT');
INSERT INTO public.webapp_carta ("carCodigo","carNombre","carCantidad","carDescripcion","carPrecio","carFoto","carStatus") VALUES ('CARzyl','Major reason manager.',4,'Close direction him unit game full. American on reflect war reach work.
Rather four city position computer consumer around bank. Rest central study four off appear administration. Trip capital owner old treat.',25.38,'https://picsum.photos/1005/369','ACT');
INSERT INTO public.webapp_cartacategoria ("carxcatCodigo","carxcatNombre","carxcatStatus") VALUES ('CARCATHBs','Café','INA');
INSERT INTO public.webapp_cartacategoria ("carxcatCodigo","carxcatNombre","carxcatStatus") VALUES ('CARCATqsx','Té','INA');
INSERT INTO public.webapp_cartacategoria ("carxcatCodigo","carxcatNombre","carxcatStatus") VALUES ('CARCATqnK','Postres','ACT');
INSERT INTO public.webapp_cartacategoria ("carxcatCodigo","carxcatNombre","carxcatStatus") VALUES ('CARCATLJG','Snacks','INA');
INSERT INTO public.webapp_cartacategoria ("carxcatCodigo","carxcatNombre","carxcatStatus") VALUES ('CARCATsfq','Bebidas Frías','ACT');
INSERT INTO public.webapp_cartaxcarrito ("id","carxcarCantidad","carxcarTotal","carrito_id","carta_id") VALUES (1,3,108.66,'C-00001','CARMrk');
INSERT INTO public.webapp_cartaxcarrito ("id","carxcarCantidad","carxcarTotal","carrito_id","carta_id") VALUES (2,1,6.65,'C-00001','CARaMz');
INSERT INTO public.webapp_cartaxcarrito ("id","carxcarCantidad","carxcarTotal","carrito_id","carta_id") VALUES (3,3,108.66,'C-00003','CARMrk');
INSERT INTO public.webapp_cartaxcarrito ("id","carxcarCantidad","carxcarTotal","carrito_id","carta_id") VALUES (4,5,67.3,'C-00003','CARnMn');
INSERT INTO public.webapp_libro ("libCodigo","libNombre","libAutor","libCantidad","libFechaPublicacion","libVolumen","libSinopsis","libURLLibro","libFoto","libPrecio","libStatus") VALUES ('LIBMPX','Head police exactly.','Rita Martin',2,'1987-06-16',2,'Claim behind sister little imagine dark. Rule affect compare wind really almost.
First walk economic bring heart. Before moment wife born. Night rest economy none.
Action chair bag very bill. Wide something institution national late.','http://allen-wagner.com/','https://picsum.photos/382/707',9.01,'ACT');
INSERT INTO public.webapp_libro ("libCodigo","libNombre","libAutor","libCantidad","libFechaPublicacion","libVolumen","libSinopsis","libURLLibro","libFoto","libPrecio","libStatus") VALUES ('LIBMVL','Exist opportunity certain tell these.','Elizabeth Wolfe',2,'2017-04-29',4,'Pick military save deep pressure tree service woman. Kitchen when determine walk. Response charge seven local begin issue nothing. Fish establish approach space leader management threat.
Us three gas author. Number society left staff.','http://cummings-jacobs.com/','https://placekitten.com/121/668',41.31,'ACT');
INSERT INTO public.webapp_libro ("libCodigo","libNombre","libAutor","libCantidad","libFechaPublicacion","libVolumen","libSinopsis","libURLLibro","libFoto","libPrecio","libStatus") VALUES ('LIBNbt','Material leave total and.','Jeff Brewer',1,'1976-06-24',3,'Yourself street house put notice artist. Maybe security include suffer pay appear.
Someone sing company crime thank area. Leg situation choose rather just top. Suddenly rock down police tell.','https://harris.org/','https://dummyimage.com/24x512',64.84,'ACT');
INSERT INTO public.webapp_libro ("libCodigo","libNombre","libAutor","libCantidad","libFechaPublicacion","libVolumen","libSinopsis","libURLLibro","libFoto","libPrecio","libStatus") VALUES ('LIBMMK','Direction professional agent.','Dennis Johnson',3,'1985-04-30',3,'News enter authority. Employee change article offer cost. Health front voice happen turn still forward significant.
Property painting easy movement if between actually. Ok sister anyone it relationship too clearly.','https://henry-roberts.com/','https://picsum.photos/1009/52',14.81,'ACT');
INSERT INTO public.webapp_libro ("libCodigo","libNombre","libAutor","libCantidad","libFechaPublicacion","libVolumen","libSinopsis","libURLLibro","libFoto","libPrecio","libStatus") VALUES ('LIBVtz','Act all better west.','Andrew Hernandez',2,'2007-04-15',4,'Large of approach win focus capital. Ready the work speech hospital themselves wait. What professor type effect.
Give force plant society sort. Group memory apply current discuss view. Difference east change usually treat race real.','http://wilson-barker.biz/','https://dummyimage.com/253x973',47.92,'ACT');
INSERT INTO public.webapp_libro ("libCodigo","libNombre","libAutor","libCantidad","libFechaPublicacion","libVolumen","libSinopsis","libURLLibro","libFoto","libPrecio","libStatus") VALUES ('LIBHoY','Sit degree region page.','Timothy Smith',4,'2016-09-28',4,'Phone letter last result attention gas. Adult station something two. Else voice dinner education late certainly will population.
Rest none body ability hit. Put choice others arrive within race.','https://www.gonzales.com/','https://placekitten.com/962/251',56.32,'ACT');
INSERT INTO public.webapp_libro ("libCodigo","libNombre","libAutor","libCantidad","libFechaPublicacion","libVolumen","libSinopsis","libURLLibro","libFoto","libPrecio","libStatus") VALUES ('LIBdXs','Writer expert media able.','Kayla Dennis',4,'1989-10-23',5,'Light explain chair TV doctor great. Require southern especially finally. Me professor everything fine of. Respond fire vote statement traditional.
Win song share student huge about. Claim teach never develop final range.','http://harper.com/','https://dummyimage.com/607x144',58.16,'ACT');
INSERT INTO public.webapp_libro ("libCodigo","libNombre","libAutor","libCantidad","libFechaPublicacion","libVolumen","libSinopsis","libURLLibro","libFoto","libPrecio","libStatus") VALUES ('LIBdCi','Board student fear.','Jeffrey Gardner',1,'2019-01-18',4,'Eight help firm out interest anyone. Alone cultural state avoid decade own between. Meet economy write exist must her myself. Interesting including character accept.','http://maynard-velasquez.com/','https://picsum.photos/704/784',59.1,'ACT');
INSERT INTO public.webapp_libro ("libCodigo","libNombre","libAutor","libCantidad","libFechaPublicacion","libVolumen","libSinopsis","libURLLibro","libFoto","libPrecio","libStatus") VALUES ('LIBOGX','Though customer while.','Michael Clark',2,'2010-09-12',4,'Yet one pressure meeting message tend floor education. Side place special she well quite.
Easy up site help mission memory sign.
Cause gun difference represent. Medical manage help only long little. Well order two thousand read school.','https://www.young.net/','https://picsum.photos/481/507',94.42,'ACT');
INSERT INTO public.webapp_libro ("libCodigo","libNombre","libAutor","libCantidad","libFechaPublicacion","libVolumen","libSinopsis","libURLLibro","libFoto","libPrecio","libStatus") VALUES ('LIBkxe','Because page many avoid by.','David Hendrix',5,'1986-04-22',5,'Former center write executive all. Do act center floor minute happen traditional.
Bed center time laugh wait. Family activity important decade people store. Several material natural when.','http://mcintosh-koch.com/','https://dummyimage.com/243x606',83.26,'ACT');
INSERT INTO public.webapp_libro ("libCodigo","libNombre","libAutor","libCantidad","libFechaPublicacion","libVolumen","libSinopsis","libURLLibro","libFoto","libPrecio","libStatus") VALUES ('LIBLlY','Cut more news.','Hunter Murphy',1,'2024-07-30',4,'Everything agent chair order again stuff. Response later party both mission relationship. Hot response maybe receive something center cell.','https://www.rodriguez.info/','https://picsum.photos/275/859',61.12,'ACT');
INSERT INTO public.webapp_libro ("libCodigo","libNombre","libAutor","libCantidad","libFechaPublicacion","libVolumen","libSinopsis","libURLLibro","libFoto","libPrecio","libStatus") VALUES ('LIBFZX','Crime go.','Ms. Ashley Harris',3,'2010-10-24',2,'Throughout kid only identify enjoy bag. Mouth sing candidate language.
Also dream home college manage mention north. Pay care your they dinner number against alone. Republican degree notice.','https://mccullough-davis.com/','https://placekitten.com/553/630',77.54,'ACT');
INSERT INTO public.webapp_libro ("libCodigo","libNombre","libAutor","libCantidad","libFechaPublicacion","libVolumen","libSinopsis","libURLLibro","libFoto","libPrecio","libStatus") VALUES ('LIBicE','Score garden since.','Jeffrey Spears',3,'1978-11-04',4,'Audience newspaper rest single actually. Finish size minute certain capital be development.
Here better house network respond each always.
Billion impact itself drive budget edge others. Issue future which set early. Outside dream sister head girl if.','http://www.schmidt-reyes.com/','https://placekitten.com/403/747',83.66,'ACT');
INSERT INTO public.webapp_libro ("libCodigo","libNombre","libAutor","libCantidad","libFechaPublicacion","libVolumen","libSinopsis","libURLLibro","libFoto","libPrecio","libStatus") VALUES ('LIBGNI','Focus player could early long.','Christopher Dorsey',3,'2018-03-06',1,'Watch use finish finish student a. Good soldier there eye able line form.
Recognize decision effort size. Ten executive factor behavior music within air.','https://www.harrison.com/','https://placekitten.com/779/280',64.87,'ACT');
INSERT INTO public.webapp_libro ("libCodigo","libNombre","libAutor","libCantidad","libFechaPublicacion","libVolumen","libSinopsis","libURLLibro","libFoto","libPrecio","libStatus") VALUES ('LIBYKc','Every hair.','Melissa Salazar',3,'1985-02-08',2,'Training create community especially machine suffer. List once same threat.
Point over natural during bad them. Not stuff window career which prepare PM need. Test seat able add.','https://www.baldwin.com/','https://dummyimage.com/227x788',46.49,'ACT');
INSERT INTO public.webapp_libro ("libCodigo","libNombre","libAutor","libCantidad","libFechaPublicacion","libVolumen","libSinopsis","libURLLibro","libFoto","libPrecio","libStatus") VALUES ('LIBYvS','Arm government.','Eric Hill',2,'2022-01-18',1,'Safe choose history nation likely conference ability high. Exactly care figure. Ask measure manager play sound produce poor benefit.','http://www.harris-strickland.com/','https://placekitten.com/717/601',35.21,'ACT');
INSERT INTO public.webapp_libro ("libCodigo","libNombre","libAutor","libCantidad","libFechaPublicacion","libVolumen","libSinopsis","libURLLibro","libFoto","libPrecio","libStatus") VALUES ('LIBffU','Visit report stop develop last.','Jill Stout',3,'1983-10-28',5,'Allow whose force about imagine laugh throw. Quickly then on cell actually. Hit any rise country.
Much exactly great whole dark. Suggest business also join left cut moment. Fight assume common attack.
Really occur another. Us again support.','https://casey.com/','https://dummyimage.com/996x699',16.98,'ACT');
INSERT INTO public.webapp_libro ("libCodigo","libNombre","libAutor","libCantidad","libFechaPublicacion","libVolumen","libSinopsis","libURLLibro","libFoto","libPrecio","libStatus") VALUES ('LIBPQx','Training wait dinner.','Maxwell Holmes',1,'1995-07-06',3,'Probably ground around western popular cultural cup.
Step soldier official Mrs arm. Letter out type indicate agree. Position deep human my detail.
Audience character decision include six mouth total. Behavior appear account phone others.','http://www.floyd.com/','https://dummyimage.com/141x297',34.03,'ACT');
INSERT INTO public.webapp_libro ("libCodigo","libNombre","libAutor","libCantidad","libFechaPublicacion","libVolumen","libSinopsis","libURLLibro","libFoto","libPrecio","libStatus") VALUES ('LIBLgX','Door on step conference page.','Gregory Sanchez',4,'1996-03-16',3,'Like staff idea ten. Figure billion laugh in. Bad recent sometimes everything. Around try central.
Piece little record eye keep fill. Decision bring amount value despite laugh help choice. Reach both role. Leg mother sure great rule give often.','https://www.mccoy.com/','https://dummyimage.com/378x525',88.69,'ACT');
INSERT INTO public.webapp_libro ("libCodigo","libNombre","libAutor","libCantidad","libFechaPublicacion","libVolumen","libSinopsis","libURLLibro","libFoto","libPrecio","libStatus") VALUES ('LIBFae','Much follow.','Jason Gonzalez',2,'1995-08-25',2,'Right travel difficult black or. Our stage fire staff agreement start may.
Concern expert help capital reduce. Wife maintain force guess.
Gun sell floor development different wear. Learn why space source.','https://www.hawkins-johnson.com/','https://dummyimage.com/596x158',6.86,'ACT');
INSERT INTO public.webapp_libro ("libCodigo","libNombre","libAutor","libCantidad","libFechaPublicacion","libVolumen","libSinopsis","libURLLibro","libFoto","libPrecio","libStatus") VALUES ('LIBTJF','Dark picture sit sure human.','Benjamin Nelson',1,'2001-03-24',5,'Result fine president political available well who even. Affect rise smile attention television. Sense decide different less understand authority head.
Conference president risk even recently. Reduce evidence miss country own also type.','https://wall-wright.com/','https://placekitten.com/158/698',94.64,'ACT');
INSERT INTO public.webapp_libro ("libCodigo","libNombre","libAutor","libCantidad","libFechaPublicacion","libVolumen","libSinopsis","libURLLibro","libFoto","libPrecio","libStatus") VALUES ('LIBVgK','Avoid protect buy.','Nicholas Gonzalez',5,'1997-08-26',2,'Feeling decade fly social stay car floor. During employee toward improve avoid.
Reduce behind central color prevent black. Along election impact medical sit few modern.','https://mcpherson.com/','https://dummyimage.com/500x146',9.79,'ACT');
INSERT INTO public.webapp_libro ("libCodigo","libNombre","libAutor","libCantidad","libFechaPublicacion","libVolumen","libSinopsis","libURLLibro","libFoto","libPrecio","libStatus") VALUES ('LIBVeu','Or history opportunity.','Kelsey Lee',1,'1994-05-13',1,'Letter themselves later which sport white mission. Road blood shake president speech draw.
Argue world of region any. Thousand already knowledge change. Magazine else watch.','https://moore-pearson.biz/','https://picsum.photos/225/770',45.19,'ACT');
INSERT INTO public.webapp_libro ("libCodigo","libNombre","libAutor","libCantidad","libFechaPublicacion","libVolumen","libSinopsis","libURLLibro","libFoto","libPrecio","libStatus") VALUES ('LIBjsD','Door opportunity seem interview thousand.','Jill Shepherd',4,'1975-02-26',2,'Accept wonder seat against point. Crime who kind forward find soldier attorney. Ground story director wrong medical outside attack guess.
Outside religious choose avoid owner couple serious month. Hear without information either fast.','https://walker-miller.com/','https://placekitten.com/923/349',25.4,'ACT');
INSERT INTO public.webapp_libro ("libCodigo","libNombre","libAutor","libCantidad","libFechaPublicacion","libVolumen","libSinopsis","libURLLibro","libFoto","libPrecio","libStatus") VALUES ('LIBHpp','Change dark main.','James Ward',3,'1980-07-29',2,'Three matter toward ahead work start. Week prepare area nearly significant art cultural. Anyone shoulder tonight unit.
Example white challenge maybe. Nor end up significant truth again.
Age style little trip investment theory.','http://bennett.com/','https://dummyimage.com/814x722',22.03,'ACT');
INSERT INTO public.webapp_libro ("libCodigo","libNombre","libAutor","libCantidad","libFechaPublicacion","libVolumen","libSinopsis","libURLLibro","libFoto","libPrecio","libStatus") VALUES ('LIBOgg','Really child PM kid.','Johnny Palmer',1,'1990-08-11',1,'No generation parent score everyone meet move. Pull name enough fine team Democrat.
Yard receive state or ever. Opportunity training identify since bit in task. Level large continue rock room amount.','http://miller.com/','https://picsum.photos/120/589',97.75,'ACT');
INSERT INTO public.webapp_libro ("libCodigo","libNombre","libAutor","libCantidad","libFechaPublicacion","libVolumen","libSinopsis","libURLLibro","libFoto","libPrecio","libStatus") VALUES ('LIBPGx','Collection available choice believe.','Kyle Cox PhD',2,'1980-08-23',4,'Born oil stock carry fly bag behind. Left we everything him cause follow. Hour worry suffer son international itself. Research economic represent college imagine successful.','https://www.daniel-wilcox.com/','https://picsum.photos/725/72',60.7,'ACT');
INSERT INTO public.webapp_libro ("libCodigo","libNombre","libAutor","libCantidad","libFechaPublicacion","libVolumen","libSinopsis","libURLLibro","libFoto","libPrecio","libStatus") VALUES ('LIBnfH','Serious down amount.','Connie Reynolds',2,'2015-01-09',4,'Bed final trip story pull life. Almost effort office you.
These cause reality stop race.
Fast avoid clear quickly rest spring lay. Foreign weight election we any recent model more. War arrive if my.','http://www.love-walker.com/','https://dummyimage.com/517x740',69.27,'ACT');
INSERT INTO public.webapp_libro ("libCodigo","libNombre","libAutor","libCantidad","libFechaPublicacion","libVolumen","libSinopsis","libURLLibro","libFoto","libPrecio","libStatus") VALUES ('LIBbBv','Program since experience.','Christina Palmer',4,'1995-02-28',4,'Skin us film low. Suddenly important college court.
Yet minute table away. Future employee music I again strategy group. Rock yard down get establish.','http://gomez-wright.info/','https://placekitten.com/199/169',33.86,'ACT');
INSERT INTO public.webapp_libro ("libCodigo","libNombre","libAutor","libCantidad","libFechaPublicacion","libVolumen","libSinopsis","libURLLibro","libFoto","libPrecio","libStatus") VALUES ('LIBphD','Dog expect.','Vincent Baker',4,'2007-12-09',4,'Have dinner since crime your say. Plan room one. Be scene great. Range attorney suddenly less carry response stage try.','http://gross.info/','https://placekitten.com/377/69',12.27,'ACT');
INSERT INTO public.webapp_libro ("libCodigo","libNombre","libAutor","libCantidad","libFechaPublicacion","libVolumen","libSinopsis","libURLLibro","libFoto","libPrecio","libStatus") VALUES ('LIBOAK','Serious system fly activity.','Monica Young',5,'2022-12-08',3,'Get effect easy fall morning. Special author though shoulder. Teach mouth create provide officer.
Blue now red. Firm either beyond plant.
Morning house present large group trade. Wish different foot only. Health line commercial movie throw reality.','http://www.spence.com/','https://placekitten.com/62/749',7.87,'ACT');
INSERT INTO public.webapp_libro ("libCodigo","libNombre","libAutor","libCantidad","libFechaPublicacion","libVolumen","libSinopsis","libURLLibro","libFoto","libPrecio","libStatus") VALUES ('LIBbIp','See apply throughout physical new.','Walter Garcia',1,'1975-07-12',2,'Hand live result project ever. Least any church role factor.
Century his collection. Animal between never painting treatment strong.
Manager close glass better.
Star enter front consider opportunity father government.','http://williams.com/','https://picsum.photos/660/580',92.58,'ACT');
INSERT INTO public.webapp_libro ("libCodigo","libNombre","libAutor","libCantidad","libFechaPublicacion","libVolumen","libSinopsis","libURLLibro","libFoto","libPrecio","libStatus") VALUES ('LIBrvU','Road organization capital cut practice.','Kristen Ross',1,'1977-12-03',3,'Cold southern per Republican list glass three. List its large pass forget spend. While small light hit heart out sport. Friend personal statement.
Although magazine require address he city. Certain not evidence camera describe position still good.','http://coleman.com/','https://dummyimage.com/717x687',14.28,'ACT');
INSERT INTO public.webapp_libro ("libCodigo","libNombre","libAutor","libCantidad","libFechaPublicacion","libVolumen","libSinopsis","libURLLibro","libFoto","libPrecio","libStatus") VALUES ('LIBnFY','Like election beyond institution.','Marcus Lewis',1,'2012-03-10',2,'Congress and become kid. It both box order.
Leg by hundred wife yourself. Visit almost itself girl within. Though office their on single total knowledge.
What particularly yes. Individual right responsibility plant.','http://www.arroyo.com/','https://placekitten.com/440/337',71.74,'ACT');
INSERT INTO public.webapp_libro ("libCodigo","libNombre","libAutor","libCantidad","libFechaPublicacion","libVolumen","libSinopsis","libURLLibro","libFoto","libPrecio","libStatus") VALUES ('LIBLUI','Will threat space.','Aaron Walsh',5,'1984-04-14',1,'Guy carry former. Listen so feel possible down board. Executive responsibility particularly book hit time church sure.
Use in heavy late three. Country know certain enter. Since his purpose down recent manager wall.','https://www.winters-church.net/','https://placekitten.com/509/811',50.55,'ACT');
INSERT INTO public.webapp_libro ("libCodigo","libNombre","libAutor","libCantidad","libFechaPublicacion","libVolumen","libSinopsis","libURLLibro","libFoto","libPrecio","libStatus") VALUES ('LIBDiD','Grow different brother order draw.','Jamie Gonzalez',3,'2016-09-14',3,'Skill forget might watch. Him take relationship past theory realize decision. It ground seek art rich bring.
Report when production series have case. Before expert else keep.','http://www.morris.com/','https://dummyimage.com/937x271',59.42,'ACT');
INSERT INTO public.webapp_libro ("libCodigo","libNombre","libAutor","libCantidad","libFechaPublicacion","libVolumen","libSinopsis","libURLLibro","libFoto","libPrecio","libStatus") VALUES ('LIBTRt','Such watch garden.','Connie Palmer',4,'1994-12-06',2,'Term nor economy today thought go. View candidate own sea mission out.
Could hundred movement course seven condition. Performance beat through brother outside marriage exactly.
Whole physical find amount near accept.','https://turner.com/','https://picsum.photos/621/26',51.95,'ACT');
INSERT INTO public.webapp_libro ("libCodigo","libNombre","libAutor","libCantidad","libFechaPublicacion","libVolumen","libSinopsis","libURLLibro","libFoto","libPrecio","libStatus") VALUES ('LIBwXL','Without next minute happy.','Robin Evans',3,'1977-06-21',3,'Story sea personal investment. Arrive who develop lawyer story before.
Bill specific activity three. Physical American performance eat ask bring. Once movement prevent chair range glass.
Movement yard her reflect. Past case push human eight.','https://mccoy.com/','https://dummyimage.com/369x345',46.31,'ACT');
INSERT INTO public.webapp_libro ("libCodigo","libNombre","libAutor","libCantidad","libFechaPublicacion","libVolumen","libSinopsis","libURLLibro","libFoto","libPrecio","libStatus") VALUES ('LIBwDe','Mention national fish political sort.','Michael Torres',1,'2023-07-03',5,'Baby allow manage the. Group order learn realize practice threat. Nor girl arm land past.
Father deal feeling tonight bill young. Indicate animal decide decide walk. Pm leave social face deal.','https://www.brown.com/','https://picsum.photos/380/1008',71.55,'ACT');
INSERT INTO public.webapp_libro ("libCodigo","libNombre","libAutor","libCantidad","libFechaPublicacion","libVolumen","libSinopsis","libURLLibro","libFoto","libPrecio","libStatus") VALUES ('LIBoLF','Gas reason lay.','Wendy Reese',4,'2022-12-04',1,'Again cover success data your quickly science. One against pull bill country.
Rate know under matter rule surface. Cell look body evidence discussion this. History take play operation certain.','https://rodriguez.com/','https://dummyimage.com/576x878',62.96,'ACT');
INSERT INTO public.webapp_libro ("libCodigo","libNombre","libAutor","libCantidad","libFechaPublicacion","libVolumen","libSinopsis","libURLLibro","libFoto","libPrecio","libStatus") VALUES ('LIBNCG','Air individual fire wind.','Suzanne Saunders',5,'2019-01-07',2,'Develop wall performance break. Color former feeling group model.
Choice support our customer today fear. Because set night people peace west. Top or leave here page question.
Local behind miss onto. Allow class night such bag.','https://www.medina.org/','https://placekitten.com/265/843',20.37,'ACT');
INSERT INTO public.webapp_libro ("libCodigo","libNombre","libAutor","libCantidad","libFechaPublicacion","libVolumen","libSinopsis","libURLLibro","libFoto","libPrecio","libStatus") VALUES ('LIBQTF','Alone think.','Nancy Martinez',1,'2016-12-12',5,'Food recent put college high game. Campaign letter floor indeed.
Gas third PM onto sing art. Quickly fish run she show option you. Throughout over benefit defense reduce. North according draw trouble close choose.
Yard still bar much budget.','https://www.barr.com/','https://picsum.photos/214/205',39.86,'ACT');
INSERT INTO public.webapp_libro ("libCodigo","libNombre","libAutor","libCantidad","libFechaPublicacion","libVolumen","libSinopsis","libURLLibro","libFoto","libPrecio","libStatus") VALUES ('LIBlPx','Attorney place from.','Margaret Rivera',2,'2022-11-15',2,'Admit push appear evidence. Person process only.
Range record economic. Writer history sell protect minute radio bill.
Again American management it. Speak should performance ball late. Medical but piece drive yeah.','http://www.conway.biz/','https://picsum.photos/771/964',63.13,'ACT');
INSERT INTO public.webapp_libro ("libCodigo","libNombre","libAutor","libCantidad","libFechaPublicacion","libVolumen","libSinopsis","libURLLibro","libFoto","libPrecio","libStatus") VALUES ('LIBZLC','Low worry.','Daniel West',5,'1986-10-14',4,'Military force why indicate production later. Stop prepare movie. South business college alone remain.','http://castro.org/','https://picsum.photos/568/450',96.46,'ACT');
INSERT INTO public.webapp_libro ("libCodigo","libNombre","libAutor","libCantidad","libFechaPublicacion","libVolumen","libSinopsis","libURLLibro","libFoto","libPrecio","libStatus") VALUES ('LIBuXp','Alone power their everything.','Maria Bowers',3,'2020-10-05',1,'International act party deep receive popular. Same coach until response radio public buy. Professional TV newspaper.
Front new chair party social chair. Decade car catch relationship.','http://www.walters.com/','https://dummyimage.com/55x161',8.04,'ACT');
INSERT INTO public.webapp_libro ("libCodigo","libNombre","libAutor","libCantidad","libFechaPublicacion","libVolumen","libSinopsis","libURLLibro","libFoto","libPrecio","libStatus") VALUES ('LIBjNJ','Action career.','Angel Cortez',3,'2022-03-23',2,'Listen young worry any than. Western by camera parent.
Voice wife many election imagine. Question wife fact federal. Seem what official join.
Next how food. Heavy successful lot thus accept. Expert off position difficult.','https://harris.com/','https://dummyimage.com/315x446',6.5,'ACT');
INSERT INTO public.webapp_libro ("libCodigo","libNombre","libAutor","libCantidad","libFechaPublicacion","libVolumen","libSinopsis","libURLLibro","libFoto","libPrecio","libStatus") VALUES ('LIBiGa','Attack too.','Bruce Reyes',4,'2016-08-05',3,'Off lay think national education choice may. Range between floor environmental sound focus draw. Lawyer knowledge ball sing.
Someone movement school data actually someone. Job wide worry. Out now management west effort college.','https://cannon.net/','https://dummyimage.com/935x450',34.79,'ACT');
INSERT INTO public.webapp_libro ("libCodigo","libNombre","libAutor","libCantidad","libFechaPublicacion","libVolumen","libSinopsis","libURLLibro","libFoto","libPrecio","libStatus") VALUES ('LIBLOE','Whose cover degree religious.','Daniel Young Jr.',1,'2014-08-12',2,'Himself movement seven prevent water around. Start decision box audience image away. Whole few condition far. Place late cut.
Indeed hope per specific finally forget statement together. Even tree daughter.','http://bautista-brown.com/','https://placekitten.com/952/896',16.65,'ACT');
INSERT INTO public.webapp_libro ("libCodigo","libNombre","libAutor","libCantidad","libFechaPublicacion","libVolumen","libSinopsis","libURLLibro","libFoto","libPrecio","libStatus") VALUES ('LIBAGN','Area suffer look issue.','William Jones',5,'1984-01-31',4,'Expert necessary civil onto may. Raise fight power difference west major.
And single west pretty. Job real soldier war stay investment.
Image ever state the. Program citizen their mouth dream some population.','https://www.lara.info/','https://dummyimage.com/801x133',65.77,'ACT');
INSERT INTO public.webapp_libro ("libCodigo","libNombre","libAutor","libCantidad","libFechaPublicacion","libVolumen","libSinopsis","libURLLibro","libFoto","libPrecio","libStatus") VALUES ('LIBraZ','Discussion improve position either.','James Burns',3,'1985-12-11',5,'Over lawyer me task mission see page go. Guess sit listen.
Move whether all charge thus anything window. Board rock sense many.
Meeting foot order it. Audience cup catch finish radio. Eight board similar success recognize.','https://gonzalez.net/','https://dummyimage.com/583x500',16.25,'ACT');
INSERT INTO public.webapp_libro ("libCodigo","libNombre","libAutor","libCantidad","libFechaPublicacion","libVolumen","libSinopsis","libURLLibro","libFoto","libPrecio","libStatus") VALUES ('LIBumd','Case tax whom.','Sandy Gutierrez',3,'2011-07-14',1,'Process do run concern care. Down back you truth. Real human organization guess six mean hundred. Type into woman television here modern.
Program fish husband add side at. Difficult there effect Republican environment. Any military trade information.','http://williams-hernandez.biz/','https://placekitten.com/984/678',87.88,'ACT');
INSERT INTO public.webapp_libro ("libCodigo","libNombre","libAutor","libCantidad","libFechaPublicacion","libVolumen","libSinopsis","libURLLibro","libFoto","libPrecio","libStatus") VALUES ('LIBqeq','Security quality east.','Kyle Wall',1,'1989-01-13',5,'Dream building each despite. Space final section always behavior very including.
Really toward how together well response. Wife step cup everyone.
Name meet half president. Every away attention partner with discuss statement.','https://www.robles.com/','https://picsum.photos/186/583',52.86,'ACT');
INSERT INTO public.webapp_libro ("libCodigo","libNombre","libAutor","libCantidad","libFechaPublicacion","libVolumen","libSinopsis","libURLLibro","libFoto","libPrecio","libStatus") VALUES ('LIBhPU','Room now.','Charles Rivas',2,'2024-01-06',4,'We cut behavior mission star discover. They minute discover would number toward. Poor country past eight.
Not boy sea fund mission west method. Try character remain responsibility. Degree ahead one.','https://www.adams-turner.org/','https://dummyimage.com/666x274',59.11,'ACT');
INSERT INTO public.webapp_libro ("libCodigo","libNombre","libAutor","libCantidad","libFechaPublicacion","libVolumen","libSinopsis","libURLLibro","libFoto","libPrecio","libStatus") VALUES ('LIBAXb','This message rate rise.','Jennifer Price',5,'2024-06-09',2,'Girl country theory wear.
Write fund hear toward consider. Body common mean condition want. More these piece seem.
Beyond heavy attention speech nor particular many. Forward create above while half understand road. Three skin become radio thing.','http://evans.com/','https://placekitten.com/443/421',43.96,'ACT');
INSERT INTO public.webapp_libro ("libCodigo","libNombre","libAutor","libCantidad","libFechaPublicacion","libVolumen","libSinopsis","libURLLibro","libFoto","libPrecio","libStatus") VALUES ('LIBfAx','Deep country become media.','Elizabeth Clark',4,'2009-09-26',3,'And try life American campaign. Claim bank tree then.
Top responsibility himself American. Remain strategy information hard. She eight deal detail power. Billion yes me study water.','http://www.zuniga.com/','https://placekitten.com/547/741',80.14,'ACT');
INSERT INTO public.webapp_libro ("libCodigo","libNombre","libAutor","libCantidad","libFechaPublicacion","libVolumen","libSinopsis","libURLLibro","libFoto","libPrecio","libStatus") VALUES ('LIBgco','Director financial five.','Tina Francis',5,'2019-02-18',1,'Role trial account why quickly. Team have conference up her cup. Employee same involve man draw effect present.
Quite investment story attack share. Opportunity teach increase region. Off the can day money.','https://www.summers.com/','https://placekitten.com/199/931',53.3,'ACT');
INSERT INTO public.webapp_libro ("libCodigo","libNombre","libAutor","libCantidad","libFechaPublicacion","libVolumen","libSinopsis","libURLLibro","libFoto","libPrecio","libStatus") VALUES ('LIBuTL','Impact skill power catch.','Scott Boyle',5,'2023-01-19',5,'Last thus wind. Allow road measure shoulder factor money. Than through air memory build star recently. Bring pressure notice us technology school.
Cup fine be something safe interest fire. Small natural place where able measure.','https://whitaker.com/','https://picsum.photos/196/64',12.99,'ACT');
INSERT INTO public.webapp_libro ("libCodigo","libNombre","libAutor","libCantidad","libFechaPublicacion","libVolumen","libSinopsis","libURLLibro","libFoto","libPrecio","libStatus") VALUES ('LIBcgK','Dinner organization television might.','Steven Owens',4,'1985-07-20',5,'Still where growth Mrs defense admit back quickly.
From meeting my imagine dog space door.
Fly middle election that its early unit.','http://rogers.com/','https://placekitten.com/538/593',35.79,'ACT');
INSERT INTO public.webapp_libro ("libCodigo","libNombre","libAutor","libCantidad","libFechaPublicacion","libVolumen","libSinopsis","libURLLibro","libFoto","libPrecio","libStatus") VALUES ('LIByZX','Tend administration suffer.','Ashley Scott',5,'1994-03-17',2,'Out sense middle. Authority growth challenge trip old view. Some discover thus manager. Return order significant still it.
Dinner economy ground among simple. Several kid debate fall without draw.','http://dixon.info/','https://placekitten.com/154/875',85.78,'ACT');
INSERT INTO public.webapp_libro ("libCodigo","libNombre","libAutor","libCantidad","libFechaPublicacion","libVolumen","libSinopsis","libURLLibro","libFoto","libPrecio","libStatus") VALUES ('LIBkAX','Find edge later.','Lauren Baldwin',5,'1977-02-11',4,'Respond arm let thank drug around. Road effect capital let modern fire particularly green. Heart anything seek.
Language four throughout compare player. Movie medical yourself hospital nation discover. Country western politics find decide front product.','http://vega-farrell.net/','https://placekitten.com/534/139',98.38,'ACT');
INSERT INTO public.webapp_libro ("libCodigo","libNombre","libAutor","libCantidad","libFechaPublicacion","libVolumen","libSinopsis","libURLLibro","libFoto","libPrecio","libStatus") VALUES ('LIBnkw','Magazine economic only kind.','Brandon Blair',3,'1991-05-24',3,'Hear though who last serious. Tree kind want boy break better.
So car picture safe remember could finally. Worker grow everybody someone good together.
Always various north create. Still section loss garden. Company political general former.','https://thornton.biz/','https://placekitten.com/354/446',91.94,'ACT');
INSERT INTO public.webapp_libro ("libCodigo","libNombre","libAutor","libCantidad","libFechaPublicacion","libVolumen","libSinopsis","libURLLibro","libFoto","libPrecio","libStatus") VALUES ('LIBNuK','Very court.','Stephanie Robinson',3,'1997-11-24',5,'Game trip truth site special. Education woman summer. Save wall impact start.
Loss newspaper measure sometimes power. Letter certain stay enter on drop work.
Interest word occur many firm already. Position everyone federal side.','http://wells-scott.com/','https://dummyimage.com/1005x311',12.91,'ACT');
INSERT INTO public.webapp_libro ("libCodigo","libNombre","libAutor","libCantidad","libFechaPublicacion","libVolumen","libSinopsis","libURLLibro","libFoto","libPrecio","libStatus") VALUES ('LIBZRz','Section bring nor.','John Johnson DDS',2,'1987-07-21',3,'Sort environmental gas ask national. Forward long direction.
Wall long represent least begin. Provide health though require table.
Health rest task recently small sport. Must economic name time show law maybe people.','https://www.sanchez-hensley.com/','https://placekitten.com/56/570',74.37,'ACT');
INSERT INTO public.webapp_libro ("libCodigo","libNombre","libAutor","libCantidad","libFechaPublicacion","libVolumen","libSinopsis","libURLLibro","libFoto","libPrecio","libStatus") VALUES ('LIBOAs','Scientist view work throughout rather.','Mary Ramirez',5,'2024-08-25',2,'At wear customer bag though strategy gas. Apply difference simple week position result sort.
Close quality use fight. Last trial cell try reality information.','http://www.hamilton-hall.info/','https://dummyimage.com/389x645',89.57,'ACT');
INSERT INTO public.webapp_libro ("libCodigo","libNombre","libAutor","libCantidad","libFechaPublicacion","libVolumen","libSinopsis","libURLLibro","libFoto","libPrecio","libStatus") VALUES ('LIBgxS','Speech do trial.','Jacqueline Monroe',2,'1995-04-23',3,'Work Democrat boy ok wonder order our. Spring discover keep bad know first response. Administration Democrat me free mission protect defense.
Item big raise PM easy appear deal newspaper. Wear level responsibility edge happy.','http://www.miller-wilkinson.com/','https://placekitten.com/48/645',88.06,'ACT');
INSERT INTO public.webapp_libro ("libCodigo","libNombre","libAutor","libCantidad","libFechaPublicacion","libVolumen","libSinopsis","libURLLibro","libFoto","libPrecio","libStatus") VALUES ('LIBfHI','Never improve alone.','Teresa Mckee',4,'2001-03-31',1,'People make identify. His system his near. Gun go then soldier official around. Short issue career able.
Election write movie bank for either. Appear test guy to letter artist test.','https://www.jones.net/','https://placekitten.com/528/78',92.23,'ACT');
INSERT INTO public.webapp_libro ("libCodigo","libNombre","libAutor","libCantidad","libFechaPublicacion","libVolumen","libSinopsis","libURLLibro","libFoto","libPrecio","libStatus") VALUES ('LIBVCR','Amount adult.','Patricia Tanner',4,'2017-12-12',3,'Another full outside war thing. Wear lay item. Beautiful in enough return.
Truth whom know agent push particular. Unit maybe concern million attention government just.
Fill machine power own. Approach debate science group.','http://www.maxwell.com/','https://picsum.photos/27/950',10.8,'ACT');
INSERT INTO public.webapp_libro ("libCodigo","libNombre","libAutor","libCantidad","libFechaPublicacion","libVolumen","libSinopsis","libURLLibro","libFoto","libPrecio","libStatus") VALUES ('LIBaSE','Beat would environment cup production.','Grant Frazier',1,'1992-09-01',2,'Federal itself meeting represent five near. Through each lose deal.
Own argue expert carry. Source let pass address on make cover charge.
Main little per ahead pull. Story relate arm.','https://www.martin.net/','https://placekitten.com/71/276',26.95,'ACT');
INSERT INTO public.webapp_libro ("libCodigo","libNombre","libAutor","libCantidad","libFechaPublicacion","libVolumen","libSinopsis","libURLLibro","libFoto","libPrecio","libStatus") VALUES ('LIBhTt','Final director hope.','Gregory Gutierrez',4,'1990-12-02',2,'Left nation especially miss machine year. Especially over oil the ago. Goal key save response executive response.
Memory maintain similar southern prevent president live. Pull exactly happy. Couple matter other listen actually.','http://www.berry.com/','https://dummyimage.com/290x785',82.21,'ACT');
INSERT INTO public.webapp_libro ("libCodigo","libNombre","libAutor","libCantidad","libFechaPublicacion","libVolumen","libSinopsis","libURLLibro","libFoto","libPrecio","libStatus") VALUES ('LIBIzD','Perform push.','Ronald Dillon',2,'1985-03-31',4,'Next drug gas politics leave which. Building should skill order wife kitchen a. Itself risk land perhaps learn.
Now manager shoulder true. Control hand executive reflect. Per big ready.','http://www.cross.com/','https://dummyimage.com/683x210',23.36,'ACT');
INSERT INTO public.webapp_libro ("libCodigo","libNombre","libAutor","libCantidad","libFechaPublicacion","libVolumen","libSinopsis","libURLLibro","libFoto","libPrecio","libStatus") VALUES ('LIBOQh','Someone personal discuss.','Robin Santos',2,'1999-03-30',5,'Establish on detail director food realize team. Range argue clearly thought outside live. Understand hospital have center each.
System reach choice personal. Role east sure her play today.
Impact fire reach themselves Congress outside.','http://www.thomas.biz/','https://placekitten.com/923/271',12.89,'ACT');
INSERT INTO public.webapp_libro ("libCodigo","libNombre","libAutor","libCantidad","libFechaPublicacion","libVolumen","libSinopsis","libURLLibro","libFoto","libPrecio","libStatus") VALUES ('LIBCCk','Physical six again official.','Jeff Gilbert',4,'1975-01-27',4,'Reduce story leave despite financial. Sign product rule strong with image full three. When center accept worry professional couple argue between.
Piece rock bank want his.
Conference in pass movie husband.','http://www.cohen.com/','https://dummyimage.com/238x559',66.15,'ACT');
INSERT INTO public.webapp_libro ("libCodigo","libNombre","libAutor","libCantidad","libFechaPublicacion","libVolumen","libSinopsis","libURLLibro","libFoto","libPrecio","libStatus") VALUES ('LIBUlR','Hospital see build open market.','Brian Howard',4,'1982-10-04',2,'Movie course lead score against individual. Great project network foot actually pattern hold hear. Fast hard from vote wonder degree.
Food tree young class place teach figure. Source skin mission other TV phone.','http://www.morrow-butler.com/','https://picsum.photos/236/485',95.42,'ACT');
INSERT INTO public.webapp_libro ("libCodigo","libNombre","libAutor","libCantidad","libFechaPublicacion","libVolumen","libSinopsis","libURLLibro","libFoto","libPrecio","libStatus") VALUES ('LIBFuF','Both time four improve.','Jason Rice',1,'2017-12-27',4,'Area certainly last send nor sign national. Use drop camera open employee if way hot. Law mention pay let.
Foreign social baby top I understand paper lot. Big candidate often miss notice own.','http://www.walters.net/','https://placekitten.com/601/97',64.5,'ACT');
INSERT INTO public.webapp_libro ("libCodigo","libNombre","libAutor","libCantidad","libFechaPublicacion","libVolumen","libSinopsis","libURLLibro","libFoto","libPrecio","libStatus") VALUES ('LIBuLN','Check word.','Nathaniel Crane',1,'2009-02-23',1,'Action medical decision perhaps nor others. Threat industry trip physical. Need animal camera card country health model.
Mission know message fill. Subject movie rate. Yourself toward difficult employee chair herself.
Conference probably report.','http://rubio.com/','https://placekitten.com/490/1011',9.07,'ACT');
INSERT INTO public.webapp_libro ("libCodigo","libNombre","libAutor","libCantidad","libFechaPublicacion","libVolumen","libSinopsis","libURLLibro","libFoto","libPrecio","libStatus") VALUES ('LIBiWr','Win develop difficult capital.','Kristopher Church',3,'2007-09-29',3,'Million perhaps new various suddenly later. Front always information look fire.
Try along field fish receive structure serve. Design study catch indicate decide southern. Professional human economic pressure occur. Leave police allow forget organization.','http://gardner.net/','https://dummyimage.com/97x753',93.97,'ACT');
INSERT INTO public.webapp_libro ("libCodigo","libNombre","libAutor","libCantidad","libFechaPublicacion","libVolumen","libSinopsis","libURLLibro","libFoto","libPrecio","libStatus") VALUES ('LIBknB','Home animal piece general.','Nicholas Peterson',2,'1987-05-02',5,'Into purpose draw cut notice party. Experience sister out top. Seven those reach into or.
Player hard region score trouble.
Fill account various sure. Method consider traditional point heavy.','http://www.cole.com/','https://picsum.photos/795/366',49.02,'ACT');
INSERT INTO public.webapp_libro ("libCodigo","libNombre","libAutor","libCantidad","libFechaPublicacion","libVolumen","libSinopsis","libURLLibro","libFoto","libPrecio","libStatus") VALUES ('LIBjGD','Go yeah present.','John Johnson',4,'1986-05-28',1,'South create again culture available. Ready thousand career begin.
Tonight occur like foot push. Store watch leg goal.
Great watch somebody all never whose natural. Ball prepare bring financial building price network.','http://bradley-moyer.info/','https://placekitten.com/22/590',86.96,'ACT');
INSERT INTO public.webapp_libro ("libCodigo","libNombre","libAutor","libCantidad","libFechaPublicacion","libVolumen","libSinopsis","libURLLibro","libFoto","libPrecio","libStatus") VALUES ('LIBWXt','Real put the vote by.','Joseph Nguyen',1,'1986-04-12',2,'Present attorney century lawyer key. Can by rate worry once. No class song wait bag culture remember.
Your anyone real American paper above point. Chair market fact say.','http://www.thornton.com/','https://placekitten.com/997/850',89.6,'ACT');
INSERT INTO public.webapp_libro ("libCodigo","libNombre","libAutor","libCantidad","libFechaPublicacion","libVolumen","libSinopsis","libURLLibro","libFoto","libPrecio","libStatus") VALUES ('LIBfKt','Space us ground fear.','Kristin Avery',4,'2014-05-09',3,'Area left fill final next. Production woman role heavy type director others. Eat themselves career seem citizen.
Almost eye war evening. Stay throw I these seat plant alone.
Provide argue firm two seem you. Reveal for language some.','http://rios.org/','https://dummyimage.com/686x638',27.39,'ACT');
INSERT INTO public.webapp_libro ("libCodigo","libNombre","libAutor","libCantidad","libFechaPublicacion","libVolumen","libSinopsis","libURLLibro","libFoto","libPrecio","libStatus") VALUES ('LIBxoI','Apply idea agent.','Jason Ramirez',2,'2005-10-11',1,'Item everybody stage per I sure. Population crime former claim tonight consider. Job memory nor record.
Catch through term win day any. Record whole area language.
Soldier about less question suggest middle follow.','https://www.stewart-reid.com/','https://picsum.photos/566/470',87.1,'ACT');
INSERT INTO public.webapp_libro ("libCodigo","libNombre","libAutor","libCantidad","libFechaPublicacion","libVolumen","libSinopsis","libURLLibro","libFoto","libPrecio","libStatus") VALUES ('LIBLkx','Never door debate way.','Travis Pearson',2,'1980-11-18',3,'Individual read ten practice treatment. Value office price onto increase with. Game campaign subject.
Red although prove poor professor. Month left next per our rest exactly.','http://wagner.com/','https://picsum.photos/6/28',51.43,'ACT');
INSERT INTO public.webapp_libro ("libCodigo","libNombre","libAutor","libCantidad","libFechaPublicacion","libVolumen","libSinopsis","libURLLibro","libFoto","libPrecio","libStatus") VALUES ('LIBCuU','Grow too save.','Sharon Williams',2,'1980-12-24',4,'Play state fine green mean. Use character ability none only simple. Occur level allow teach pretty say usually.
Phone hope capital carry former floor again. Deal hear great Mr believe. Inside defense wish almost than however. Grow member series.','https://www.sawyer.com/','https://placekitten.com/1008/386',70.75,'ACT');
INSERT INTO public.webapp_libro ("libCodigo","libNombre","libAutor","libCantidad","libFechaPublicacion","libVolumen","libSinopsis","libURLLibro","libFoto","libPrecio","libStatus") VALUES ('LIBEfA','Management maybe country friend nearly.','Laura Herrera',5,'2022-02-24',1,'Growth film walk.
Similar garden teach around imagine apply. Baby street PM necessary bring result.
Amount church all end. Yes result civil get degree record.','http://walker-miller.com/','https://placekitten.com/290/874',12.16,'ACT');
INSERT INTO public.webapp_libro ("libCodigo","libNombre","libAutor","libCantidad","libFechaPublicacion","libVolumen","libSinopsis","libURLLibro","libFoto","libPrecio","libStatus") VALUES ('LIBNTJ','Tough reality letter.','Kimberly Williams',3,'2004-10-16',5,'Tree certain win seat. Goal fish wait player hair chance father might. So sometimes beyond.
Whatever police toward Mrs discover dinner eat student. Media three unit sort relationship art. Relationship actually stage on.','http://www.white.com/','https://dummyimage.com/836x680',76.9,'ACT');
INSERT INTO public.webapp_libro ("libCodigo","libNombre","libAutor","libCantidad","libFechaPublicacion","libVolumen","libSinopsis","libURLLibro","libFoto","libPrecio","libStatus") VALUES ('LIBmQO','Of benefit somebody.','Robert Sanders',5,'1999-09-19',5,'Trip education choice trouble name car.
Consider pay deep your environment none necessary. Manager something baby even tell.','http://www.burns-harris.com/','https://placekitten.com/960/504',7.64,'ACT');
INSERT INTO public.webapp_libro ("libCodigo","libNombre","libAutor","libCantidad","libFechaPublicacion","libVolumen","libSinopsis","libURLLibro","libFoto","libPrecio","libStatus") VALUES ('LIBwtO','Piece cold pull.','Jeffrey Collins',3,'1989-10-19',2,'Food have bar type various.
Place instead art cause beautiful. Cost main present agent as. News herself area per defense trouble natural.','http://www.moreno.com/','https://placekitten.com/323/776',87.71,'ACT');
INSERT INTO public.webapp_libro ("libCodigo","libNombre","libAutor","libCantidad","libFechaPublicacion","libVolumen","libSinopsis","libURLLibro","libFoto","libPrecio","libStatus") VALUES ('LIBKKQ','Surface education form name authority.','Tamara Martinez',2,'2008-08-26',5,'Walk his language see daughter cell. Piece course hear happen data green. Standard ok miss house.
Baby south pull age shake popular. Laugh control support wrong site edge party as.
Many PM reflect difference capital.','https://www.owens.com/','https://dummyimage.com/122x474',97.3,'ACT');
INSERT INTO public.webapp_libro ("libCodigo","libNombre","libAutor","libCantidad","libFechaPublicacion","libVolumen","libSinopsis","libURLLibro","libFoto","libPrecio","libStatus") VALUES ('LIBbhT','College player try very.','Michael Santiago',1,'2013-02-16',1,'Reality region country him. Kid environmental heart action whose energy. Human worker serve them. Laugh listen anyone last serve.
Rate it half inside identify. Relationship history outside realize late. Politics could food public like wall.','https://www.mckenzie.info/','https://picsum.photos/614/118',92.39,'ACT');
INSERT INTO public.webapp_libro ("libCodigo","libNombre","libAutor","libCantidad","libFechaPublicacion","libVolumen","libSinopsis","libURLLibro","libFoto","libPrecio","libStatus") VALUES ('LIBlyj','Statement conference hard current least.','Michael Jackson',5,'2004-03-21',2,'Shake main feel week floor want. Center face road center visit have. Heart there source pressure.
Size performance argue their. Go artist race improve foreign choice. Tax far responsibility peace eye.
Process five myself story fire.','https://www.hubbard.org/','https://picsum.photos/995/365',20.97,'ACT');
INSERT INTO public.webapp_libro ("libCodigo","libNombre","libAutor","libCantidad","libFechaPublicacion","libVolumen","libSinopsis","libURLLibro","libFoto","libPrecio","libStatus") VALUES ('LIBLQw','Produce catch billion music.','Richard Young',3,'1985-03-05',5,'Huge decide hot hair great. Past individual improve mean serve. Role blood financial note.
Such spend between. By ok nearly work.
Allow determine tree inside eye employee movie. Be mention maybe various.','https://www.johnson.com/','https://picsum.photos/641/629',45.26,'ACT');
INSERT INTO public.webapp_libro ("libCodigo","libNombre","libAutor","libCantidad","libFechaPublicacion","libVolumen","libSinopsis","libURLLibro","libFoto","libPrecio","libStatus") VALUES ('LIBomO','Stuff any.','Katherine Matthews',1,'1976-09-08',1,'Worry science he million. Live feel reach help laugh.
Claim glass mention soon game we. Occur two when suddenly. White forget range particularly finish.
Window team old. Painting worker face third. Must election economic mother.','http://www.rodriguez.net/','https://picsum.photos/806/176',17.65,'ACT');
INSERT INTO public.webapp_libro ("libCodigo","libNombre","libAutor","libCantidad","libFechaPublicacion","libVolumen","libSinopsis","libURLLibro","libFoto","libPrecio","libStatus") VALUES ('LIBFdR','Ok century.','Kevin King',4,'1981-05-04',3,'At voice some foot world. Feel available instead beautiful fight behavior. Her item contain movie response at will traditional.','http://ward.com/','https://picsum.photos/383/475',94.76,'ACT');
INSERT INTO public.webapp_libro ("libCodigo","libNombre","libAutor","libCantidad","libFechaPublicacion","libVolumen","libSinopsis","libURLLibro","libFoto","libPrecio","libStatus") VALUES ('LIBwWo','Between hundred site.','Joshua Zuniga',3,'1975-12-22',3,'Coach whether head sense. Compare red site throw.
Whom leader night us practice appear gas. Amount action big. West discussion determine compare look enter.
No blue foreign through three receive well. Car lead rate benefit development.','http://vargas.com/','https://picsum.photos/740/519',12.26,'ACT');
INSERT INTO public.webapp_libro ("libCodigo","libNombre","libAutor","libCantidad","libFechaPublicacion","libVolumen","libSinopsis","libURLLibro","libFoto","libPrecio","libStatus") VALUES ('LIBWEv','Institution end out offer.','Stephanie Martinez',1,'2009-05-22',2,'Economy address no a wonder safe worry coach. Red seat each mouth like no. History local politics seek.
Piece building election fact. Nature try star beautiful. Government responsibility both history.','http://johnson.net/','https://dummyimage.com/184x94',99.05,'ACT');
INSERT INTO public.webapp_libro ("libCodigo","libNombre","libAutor","libCantidad","libFechaPublicacion","libVolumen","libSinopsis","libURLLibro","libFoto","libPrecio","libStatus") VALUES ('LIBWAV','View possible culture agency natural.','Erik Robertson',4,'1978-03-29',1,'Student without tend candidate down her. Short rich green else enjoy.
Suddenly reduce likely north wide production report society. Modern these another nation about form too.','http://www.wong-butler.biz/','https://placekitten.com/439/798',53.42,'ACT');
INSERT INTO public.webapp_libro ("libCodigo","libNombre","libAutor","libCantidad","libFechaPublicacion","libVolumen","libSinopsis","libURLLibro","libFoto","libPrecio","libStatus") VALUES ('LIBUga','Song whatever raise instead.','Thomas Jackson',1,'1984-08-11',5,'Meet look loss seven chance pull. Apply close process dream natural region individual. Get security laugh despite meet both. Police ask listen production amount guess attorney.','http://www.ball.org/','https://picsum.photos/181/267',22.53,'ACT');
INSERT INTO public.webapp_libro ("libCodigo","libNombre","libAutor","libCantidad","libFechaPublicacion","libVolumen","libSinopsis","libURLLibro","libFoto","libPrecio","libStatus") VALUES ('LIBTnq','Very three prepare.','Tracy Wong',4,'1996-02-08',4,'Get population would study way. West admit most bad available stay.
My miss worry cell approach. Front various contain get off.
Break hotel line. Plan tonight and different. Western mention challenge.
Beautiful factor executive.','https://www.sheppard.biz/','https://picsum.photos/616/633',59.16,'ACT');
INSERT INTO public.webapp_libro ("libCodigo","libNombre","libAutor","libCantidad","libFechaPublicacion","libVolumen","libSinopsis","libURLLibro","libFoto","libPrecio","libStatus") VALUES ('LIBNHY','Sell push million.','Cheryl Cruz',4,'2012-08-27',3,'Religious professional feel face here significant likely. Enter reason success people bring recent add. Conference hit real culture force. Firm across media federal consider look important.','https://www.hobbs.info/','https://picsum.photos/225/396',22.55,'ACT');
INSERT INTO public.webapp_libro ("libCodigo","libNombre","libAutor","libCantidad","libFechaPublicacion","libVolumen","libSinopsis","libURLLibro","libFoto","libPrecio","libStatus") VALUES ('LIBRho','Third do.','Derek Martinez',1,'1976-07-29',3,'Candidate medical time move. Establish whether source time sea compare impact. Argue woman begin best explain game although.
Bank grow after clear.','https://www.boyd.com/','https://picsum.photos/754/419',35.96,'ACT');
INSERT INTO public.webapp_librocategoria ("libxcatCodigo","libxcatNombre") VALUES ('LBCATnnV','Ficción');
INSERT INTO public.webapp_librocategoria ("libxcatCodigo","libxcatNombre") VALUES ('LBCATUdf','Ciencia');
INSERT INTO public.webapp_librocategoria ("libxcatCodigo","libxcatNombre") VALUES ('LBCATGRQ','Historia');
INSERT INTO public.webapp_librocategoria ("libxcatCodigo","libxcatNombre") VALUES ('LBCATkof','Fantasía');
INSERT INTO public.webapp_librocategoria ("libxcatCodigo","libxcatNombre") VALUES ('LBCATmQo','Biografía');
INSERT INTO public.webapp_librocategoria ("libxcatCodigo","libxcatNombre") VALUES ('LBCATuVT','Infantil');
INSERT INTO public.webapp_librocategoria ("libxcatCodigo","libxcatNombre") VALUES ('LBCATwbZ','Romance');
INSERT INTO public.webapp_librocategoria ("libxcatCodigo","libxcatNombre") VALUES ('LBCATqla','Misterio');
INSERT INTO public.webapp_librosxcarrito ("id","libxcarCantidad","libxcarTotal","carrito_id","libro_id") VALUES (1,2,18.02,'C-00002','LIBMPX');
INSERT INTO public.webapp_librosxcarrito ("id","libxcarCantidad","libxcarTotal","carrito_id","libro_id") VALUES (2,1,41.31,'C-00002','LIBMVL');
INSERT INTO public.webapp_librosxcarrito ("id","libxcarCantidad","libxcarTotal","carrito_id","libro_id") VALUES (3,3,44.43,'C-00003','LIBMMK');
INSERT INTO public.webapp_librosxcarrito ("id","libxcarCantidad","libxcarTotal","carrito_id","libro_id") VALUES (4,2,18.02,'C-00004','LIBMPX');
INSERT INTO public.webapp_librosxlibreriacategoria ("id","categoria_id","libro_id") VALUES (1,'LBCATUdf','LIBMPX');
INSERT INTO public.webapp_librosxlibreriacategoria ("id","categoria_id","libro_id") VALUES (2,'LBCATwbZ','LIBMVL');
INSERT INTO public.webapp_librosxlibreriacategoria ("id","categoria_id","libro_id") VALUES (3,'LBCATGRQ','LIBMVL');
INSERT INTO public.webapp_librosxlibreriacategoria ("id","categoria_id","libro_id") VALUES (4,'LBCATqla','LIBNbt');
INSERT INTO public.webapp_librosxlibreriacategoria ("id","categoria_id","libro_id") VALUES (5,'LBCATGRQ','LIBMMK');
INSERT INTO public.webapp_librosxlibreriacategoria ("id","categoria_id","libro_id") VALUES (6,'LBCATuVT','LIBVtz');
INSERT INTO public.webapp_librosxlibreriacategoria ("id","categoria_id","libro_id") VALUES (7,'LBCATqla','LIBVtz');
INSERT INTO public.webapp_librosxlibreriacategoria ("id","categoria_id","libro_id") VALUES (8,'LBCATmQo','LIBHoY');
INSERT INTO public.webapp_librosxlibreriacategoria ("id","categoria_id","libro_id") VALUES (9,'LBCATqla','LIBdXs');
INSERT INTO public.webapp_librosxlibreriacategoria ("id","categoria_id","libro_id") VALUES (10,'LBCATmQo','LIBdCi');
INSERT INTO public.webapp_librosxlibreriacategoria ("id","categoria_id","libro_id") VALUES (11,'LBCATqla','LIBdCi');
INSERT INTO public.webapp_librosxlibreriacategoria ("id","categoria_id","libro_id") VALUES (12,'LBCATnnV','LIBOGX');
INSERT INTO public.webapp_librosxlibreriacategoria ("id","categoria_id","libro_id") VALUES (13,'LBCATwbZ','LIBkxe');
INSERT INTO public.webapp_librosxlibreriacategoria ("id","categoria_id","libro_id") VALUES (14,'LBCATwbZ','LIBLlY');
INSERT INTO public.webapp_librosxlibreriacategoria ("id","categoria_id","libro_id") VALUES (15,'LBCATmQo','LIBLlY');
INSERT INTO public.webapp_librosxlibreriacategoria ("id","categoria_id","libro_id") VALUES (16,'LBCATnnV','LIBFZX');
INSERT INTO public.webapp_librosxlibreriacategoria ("id","categoria_id","libro_id") VALUES (17,'LBCATkof','LIBFZX');
INSERT INTO public.webapp_librosxlibreriacategoria ("id","categoria_id","libro_id") VALUES (18,'LBCATwbZ','LIBicE');
INSERT INTO public.webapp_librosxlibreriacategoria ("id","categoria_id","libro_id") VALUES (19,'LBCATuVT','LIBicE');
INSERT INTO public.webapp_librosxlibreriacategoria ("id","categoria_id","libro_id") VALUES (20,'LBCATuVT','LIBGNI');
INSERT INTO public.webapp_librosxlibreriacategoria ("id","categoria_id","libro_id") VALUES (21,'LBCATnnV','LIBYKc');
INSERT INTO public.webapp_librosxlibreriacategoria ("id","categoria_id","libro_id") VALUES (22,'LBCATmQo','LIBYKc');
INSERT INTO public.webapp_librosxlibreriacategoria ("id","categoria_id","libro_id") VALUES (23,'LBCATGRQ','LIBYvS');
INSERT INTO public.webapp_librosxlibreriacategoria ("id","categoria_id","libro_id") VALUES (24,'LBCATmQo','LIBYvS');
INSERT INTO public.webapp_librosxlibreriacategoria ("id","categoria_id","libro_id") VALUES (25,'LBCATnnV','LIBffU');
INSERT INTO public.webapp_librosxlibreriacategoria ("id","categoria_id","libro_id") VALUES (26,'LBCATmQo','LIBffU');
INSERT INTO public.webapp_librosxlibreriacategoria ("id","categoria_id","libro_id") VALUES (27,'LBCATGRQ','LIBPQx');
INSERT INTO public.webapp_librosxlibreriacategoria ("id","categoria_id","libro_id") VALUES (28,'LBCATmQo','LIBLgX');
INSERT INTO public.webapp_librosxlibreriacategoria ("id","categoria_id","libro_id") VALUES (29,'LBCATuVT','LIBFae');
INSERT INTO public.webapp_librosxlibreriacategoria ("id","categoria_id","libro_id") VALUES (30,'LBCATmQo','LIBTJF');
INSERT INTO public.webapp_librosxlibreriacategoria ("id","categoria_id","libro_id") VALUES (31,'LBCATkof','LIBVgK');
INSERT INTO public.webapp_librosxlibreriacategoria ("id","categoria_id","libro_id") VALUES (32,'LBCATuVT','LIBVeu');
INSERT INTO public.webapp_librosxlibreriacategoria ("id","categoria_id","libro_id") VALUES (33,'LBCATUdf','LIBjsD');
INSERT INTO public.webapp_librosxlibreriacategoria ("id","categoria_id","libro_id") VALUES (34,'LBCATGRQ','LIBjsD');
INSERT INTO public.webapp_librosxlibreriacategoria ("id","categoria_id","libro_id") VALUES (35,'LBCATwbZ','LIBHpp');
INSERT INTO public.webapp_librosxlibreriacategoria ("id","categoria_id","libro_id") VALUES (36,'LBCATGRQ','LIBHpp');
INSERT INTO public.webapp_librosxlibreriacategoria ("id","categoria_id","libro_id") VALUES (37,'LBCATkof','LIBOgg');
INSERT INTO public.webapp_librosxlibreriacategoria ("id","categoria_id","libro_id") VALUES (38,'LBCATkof','LIBPGx');
INSERT INTO public.webapp_librosxlibreriacategoria ("id","categoria_id","libro_id") VALUES (39,'LBCATuVT','LIBPGx');
INSERT INTO public.webapp_librosxlibreriacategoria ("id","categoria_id","libro_id") VALUES (40,'LBCATnnV','LIBnfH');
INSERT INTO public.webapp_librosxlibreriacategoria ("id","categoria_id","libro_id") VALUES (41,'LBCATwbZ','LIBbBv');
INSERT INTO public.webapp_librosxlibreriacategoria ("id","categoria_id","libro_id") VALUES (42,'LBCATnnV','LIBphD');
INSERT INTO public.webapp_librosxlibreriacategoria ("id","categoria_id","libro_id") VALUES (43,'LBCATqla','LIBphD');
INSERT INTO public.webapp_librosxlibreriacategoria ("id","categoria_id","libro_id") VALUES (44,'LBCATGRQ','LIBOAK');
INSERT INTO public.webapp_librosxlibreriacategoria ("id","categoria_id","libro_id") VALUES (45,'LBCATuVT','LIBbIp');
INSERT INTO public.webapp_librosxlibreriacategoria ("id","categoria_id","libro_id") VALUES (46,'LBCATqla','LIBrvU');
INSERT INTO public.webapp_librosxlibreriacategoria ("id","categoria_id","libro_id") VALUES (47,'LBCATwbZ','LIBrvU');
INSERT INTO public.webapp_librosxlibreriacategoria ("id","categoria_id","libro_id") VALUES (48,'LBCATwbZ','LIBnFY');
INSERT INTO public.webapp_librosxlibreriacategoria ("id","categoria_id","libro_id") VALUES (49,'LBCATUdf','LIBLUI');
INSERT INTO public.webapp_librosxlibreriacategoria ("id","categoria_id","libro_id") VALUES (50,'LBCATuVT','LIBDiD');
INSERT INTO public.webapp_librosxlibreriacategoria ("id","categoria_id","libro_id") VALUES (51,'LBCATmQo','LIBTRt');
INSERT INTO public.webapp_librosxlibreriacategoria ("id","categoria_id","libro_id") VALUES (52,'LBCATUdf','LIBwXL');
INSERT INTO public.webapp_librosxlibreriacategoria ("id","categoria_id","libro_id") VALUES (53,'LBCATwbZ','LIBwXL');
INSERT INTO public.webapp_librosxlibreriacategoria ("id","categoria_id","libro_id") VALUES (54,'LBCATUdf','LIBwDe');
INSERT INTO public.webapp_librosxlibreriacategoria ("id","categoria_id","libro_id") VALUES (55,'LBCATuVT','LIBwDe');
INSERT INTO public.webapp_librosxlibreriacategoria ("id","categoria_id","libro_id") VALUES (56,'LBCATwbZ','LIBoLF');
INSERT INTO public.webapp_librosxlibreriacategoria ("id","categoria_id","libro_id") VALUES (57,'LBCATqla','LIBNCG');
INSERT INTO public.webapp_librosxlibreriacategoria ("id","categoria_id","libro_id") VALUES (58,'LBCATUdf','LIBQTF');
INSERT INTO public.webapp_librosxlibreriacategoria ("id","categoria_id","libro_id") VALUES (59,'LBCATnnV','LIBlPx');
INSERT INTO public.webapp_librosxlibreriacategoria ("id","categoria_id","libro_id") VALUES (60,'LBCATwbZ','LIBlPx');
INSERT INTO public.webapp_librosxlibreriacategoria ("id","categoria_id","libro_id") VALUES (61,'LBCATqla','LIBZLC');
INSERT INTO public.webapp_librosxlibreriacategoria ("id","categoria_id","libro_id") VALUES (62,'LBCATwbZ','LIBuXp');
INSERT INTO public.webapp_librosxlibreriacategoria ("id","categoria_id","libro_id") VALUES (63,'LBCATGRQ','LIBuXp');
INSERT INTO public.webapp_librosxlibreriacategoria ("id","categoria_id","libro_id") VALUES (64,'LBCATmQo','LIBjNJ');
INSERT INTO public.webapp_librosxlibreriacategoria ("id","categoria_id","libro_id") VALUES (65,'LBCATqla','LIBiGa');
INSERT INTO public.webapp_librosxlibreriacategoria ("id","categoria_id","libro_id") VALUES (66,'LBCATGRQ','LIBiGa');
INSERT INTO public.webapp_librosxlibreriacategoria ("id","categoria_id","libro_id") VALUES (67,'LBCATnnV','LIBLOE');
INSERT INTO public.webapp_librosxlibreriacategoria ("id","categoria_id","libro_id") VALUES (68,'LBCATuVT','LIBAGN');
INSERT INTO public.webapp_librosxlibreriacategoria ("id","categoria_id","libro_id") VALUES (69,'LBCATwbZ','LIBraZ');
INSERT INTO public.webapp_librosxlibreriacategoria ("id","categoria_id","libro_id") VALUES (70,'LBCATGRQ','LIBraZ');
INSERT INTO public.webapp_librosxlibreriacategoria ("id","categoria_id","libro_id") VALUES (71,'LBCATGRQ','LIBumd');
INSERT INTO public.webapp_librosxlibreriacategoria ("id","categoria_id","libro_id") VALUES (72,'LBCATmQo','LIBumd');
INSERT INTO public.webapp_librosxlibreriacategoria ("id","categoria_id","libro_id") VALUES (73,'LBCATwbZ','LIBqeq');
INSERT INTO public.webapp_librosxlibreriacategoria ("id","categoria_id","libro_id") VALUES (74,'LBCATwbZ','LIBhPU');
INSERT INTO public.webapp_librosxlibreriacategoria ("id","categoria_id","libro_id") VALUES (75,'LBCATuVT','LIBhPU');
INSERT INTO public.webapp_librosxlibreriacategoria ("id","categoria_id","libro_id") VALUES (76,'LBCATGRQ','LIBAXb');
INSERT INTO public.webapp_librosxlibreriacategoria ("id","categoria_id","libro_id") VALUES (77,'LBCATkof','LIBfAx');
INSERT INTO public.webapp_librosxlibreriacategoria ("id","categoria_id","libro_id") VALUES (78,'LBCATmQo','LIBfAx');
INSERT INTO public.webapp_librosxlibreriacategoria ("id","categoria_id","libro_id") VALUES (79,'LBCATwbZ','LIBgco');
INSERT INTO public.webapp_librosxlibreriacategoria ("id","categoria_id","libro_id") VALUES (80,'LBCATuVT','LIBgco');
INSERT INTO public.webapp_librosxlibreriacategoria ("id","categoria_id","libro_id") VALUES (81,'LBCATqla','LIBuTL');
INSERT INTO public.webapp_librosxlibreriacategoria ("id","categoria_id","libro_id") VALUES (82,'LBCATwbZ','LIBuTL');
INSERT INTO public.webapp_librosxlibreriacategoria ("id","categoria_id","libro_id") VALUES (83,'LBCATuVT','LIBcgK');
INSERT INTO public.webapp_librosxlibreriacategoria ("id","categoria_id","libro_id") VALUES (84,'LBCATqla','LIBcgK');
INSERT INTO public.webapp_librosxlibreriacategoria ("id","categoria_id","libro_id") VALUES (85,'LBCATUdf','LIByZX');
INSERT INTO public.webapp_librosxlibreriacategoria ("id","categoria_id","libro_id") VALUES (86,'LBCATqla','LIByZX');
INSERT INTO public.webapp_librosxlibreriacategoria ("id","categoria_id","libro_id") VALUES (87,'LBCATnnV','LIBkAX');
INSERT INTO public.webapp_librosxlibreriacategoria ("id","categoria_id","libro_id") VALUES (88,'LBCATwbZ','LIBnkw');
INSERT INTO public.webapp_librosxlibreriacategoria ("id","categoria_id","libro_id") VALUES (89,'LBCATkof','LIBnkw');
INSERT INTO public.webapp_librosxlibreriacategoria ("id","categoria_id","libro_id") VALUES (90,'LBCATuVT','LIBNuK');
INSERT INTO public.webapp_librosxlibreriacategoria ("id","categoria_id","libro_id") VALUES (91,'LBCATUdf','LIBNuK');
INSERT INTO public.webapp_librosxlibreriacategoria ("id","categoria_id","libro_id") VALUES (92,'LBCATGRQ','LIBZRz');
INSERT INTO public.webapp_librosxlibreriacategoria ("id","categoria_id","libro_id") VALUES (93,'LBCATuVT','LIBOAs');
INSERT INTO public.webapp_librosxlibreriacategoria ("id","categoria_id","libro_id") VALUES (94,'LBCATwbZ','LIBOAs');
INSERT INTO public.webapp_librosxlibreriacategoria ("id","categoria_id","libro_id") VALUES (95,'LBCATwbZ','LIBgxS');
INSERT INTO public.webapp_librosxlibreriacategoria ("id","categoria_id","libro_id") VALUES (96,'LBCATnnV','LIBfHI');
INSERT INTO public.webapp_librosxlibreriacategoria ("id","categoria_id","libro_id") VALUES (97,'LBCATGRQ','LIBfHI');
INSERT INTO public.webapp_librosxlibreriacategoria ("id","categoria_id","libro_id") VALUES (98,'LBCATqla','LIBVCR');
INSERT INTO public.webapp_librosxlibreriacategoria ("id","categoria_id","libro_id") VALUES (99,'LBCATGRQ','LIBVCR');
INSERT INTO public.webapp_librosxlibreriacategoria ("id","categoria_id","libro_id") VALUES (100,'LBCATGRQ','LIBaSE');
INSERT INTO public.webapp_librosxlibreriacategoria ("id","categoria_id","libro_id") VALUES (101,'LBCATwbZ','LIBhTt');
INSERT INTO public.webapp_librosxlibreriacategoria ("id","categoria_id","libro_id") VALUES (102,'LBCATkof','LIBIzD');
INSERT INTO public.webapp_librosxlibreriacategoria ("id","categoria_id","libro_id") VALUES (103,'LBCATqla','LIBOQh');
INSERT INTO public.webapp_librosxlibreriacategoria ("id","categoria_id","libro_id") VALUES (104,'LBCATUdf','LIBCCk');
INSERT INTO public.webapp_librosxlibreriacategoria ("id","categoria_id","libro_id") VALUES (105,'LBCATuVT','LIBUlR');
INSERT INTO public.webapp_librosxlibreriacategoria ("id","categoria_id","libro_id") VALUES (106,'LBCATGRQ','LIBFuF');
INSERT INTO public.webapp_librosxlibreriacategoria ("id","categoria_id","libro_id") VALUES (107,'LBCATwbZ','LIBFuF');
INSERT INTO public.webapp_librosxlibreriacategoria ("id","categoria_id","libro_id") VALUES (108,'LBCATUdf','LIBuLN');
INSERT INTO public.webapp_librosxlibreriacategoria ("id","categoria_id","libro_id") VALUES (109,'LBCATwbZ','LIBiWr');
INSERT INTO public.webapp_librosxlibreriacategoria ("id","categoria_id","libro_id") VALUES (110,'LBCATUdf','LIBknB');
INSERT INTO public.webapp_librosxlibreriacategoria ("id","categoria_id","libro_id") VALUES (111,'LBCATuVT','LIBjGD');
INSERT INTO public.webapp_librosxlibreriacategoria ("id","categoria_id","libro_id") VALUES (112,'LBCATuVT','LIBWXt');
INSERT INTO public.webapp_librosxlibreriacategoria ("id","categoria_id","libro_id") VALUES (113,'LBCATnnV','LIBfKt');
INSERT INTO public.webapp_librosxlibreriacategoria ("id","categoria_id","libro_id") VALUES (114,'LBCATmQo','LIBfKt');
INSERT INTO public.webapp_librosxlibreriacategoria ("id","categoria_id","libro_id") VALUES (115,'LBCATGRQ','LIBxoI');
INSERT INTO public.webapp_librosxlibreriacategoria ("id","categoria_id","libro_id") VALUES (116,'LBCATqla','LIBLkx');
INSERT INTO public.webapp_librosxlibreriacategoria ("id","categoria_id","libro_id") VALUES (117,'LBCATnnV','LIBLkx');
INSERT INTO public.webapp_librosxlibreriacategoria ("id","categoria_id","libro_id") VALUES (118,'LBCATkof','LIBCuU');
INSERT INTO public.webapp_librosxlibreriacategoria ("id","categoria_id","libro_id") VALUES (119,'LBCATGRQ','LIBCuU');
INSERT INTO public.webapp_librosxlibreriacategoria ("id","categoria_id","libro_id") VALUES (120,'LBCATkof','LIBEfA');
INSERT INTO public.webapp_librosxlibreriacategoria ("id","categoria_id","libro_id") VALUES (121,'LBCATmQo','LIBEfA');
INSERT INTO public.webapp_librosxlibreriacategoria ("id","categoria_id","libro_id") VALUES (122,'LBCATqla','LIBNTJ');
INSERT INTO public.webapp_librosxlibreriacategoria ("id","categoria_id","libro_id") VALUES (123,'LBCATwbZ','LIBmQO');
INSERT INTO public.webapp_librosxlibreriacategoria ("id","categoria_id","libro_id") VALUES (124,'LBCATwbZ','LIBwtO');
INSERT INTO public.webapp_librosxlibreriacategoria ("id","categoria_id","libro_id") VALUES (125,'LBCATwbZ','LIBKKQ');
INSERT INTO public.webapp_librosxlibreriacategoria ("id","categoria_id","libro_id") VALUES (126,'LBCATkof','LIBKKQ');
INSERT INTO public.webapp_librosxlibreriacategoria ("id","categoria_id","libro_id") VALUES (127,'LBCATnnV','LIBbhT');
INSERT INTO public.webapp_librosxlibreriacategoria ("id","categoria_id","libro_id") VALUES (128,'LBCATwbZ','LIBlyj');
INSERT INTO public.webapp_librosxlibreriacategoria ("id","categoria_id","libro_id") VALUES (129,'LBCATUdf','LIBlyj');
INSERT INTO public.webapp_librosxlibreriacategoria ("id","categoria_id","libro_id") VALUES (130,'LBCATGRQ','LIBLQw');
INSERT INTO public.webapp_librosxlibreriacategoria ("id","categoria_id","libro_id") VALUES (131,'LBCATwbZ','LIBLQw');
INSERT INTO public.webapp_librosxlibreriacategoria ("id","categoria_id","libro_id") VALUES (132,'LBCATuVT','LIBomO');
INSERT INTO public.webapp_librosxlibreriacategoria ("id","categoria_id","libro_id") VALUES (133,'LBCATGRQ','LIBFdR');
INSERT INTO public.webapp_librosxlibreriacategoria ("id","categoria_id","libro_id") VALUES (134,'LBCATwbZ','LIBFdR');
INSERT INTO public.webapp_librosxlibreriacategoria ("id","categoria_id","libro_id") VALUES (135,'LBCATuVT','LIBwWo');
INSERT INTO public.webapp_librosxlibreriacategoria ("id","categoria_id","libro_id") VALUES (136,'LBCATqla','LIBWEv');
INSERT INTO public.webapp_librosxlibreriacategoria ("id","categoria_id","libro_id") VALUES (137,'LBCATGRQ','LIBWEv');
INSERT INTO public.webapp_librosxlibreriacategoria ("id","categoria_id","libro_id") VALUES (138,'LBCATkof','LIBWAV');
INSERT INTO public.webapp_librosxlibreriacategoria ("id","categoria_id","libro_id") VALUES (139,'LBCATqla','LIBWAV');
INSERT INTO public.webapp_librosxlibreriacategoria ("id","categoria_id","libro_id") VALUES (140,'LBCATUdf','LIBUga');
INSERT INTO public.webapp_librosxlibreriacategoria ("id","categoria_id","libro_id") VALUES (141,'LBCATmQo','LIBUga');
INSERT INTO public.webapp_librosxlibreriacategoria ("id","categoria_id","libro_id") VALUES (142,'LBCATkof','LIBTnq');
INSERT INTO public.webapp_librosxlibreriacategoria ("id","categoria_id","libro_id") VALUES (143,'LBCATnnV','LIBNHY');
INSERT INTO public.webapp_librosxlibreriacategoria ("id","categoria_id","libro_id") VALUES (144,'LBCATuVT','LIBRho');
INSERT INTO public.webapp_relcartacategoria ("id","carta_id","categoria_id") VALUES (1,'CARMrk','CARCATsfq');
INSERT INTO public.webapp_relcartacategoria ("id","carta_id","categoria_id") VALUES (2,'CARvSb','CARCATqnK');
INSERT INTO public.webapp_relcartacategoria ("id","carta_id","categoria_id") VALUES (3,'CARnMn','CARCATsfq');
INSERT INTO public.webapp_relcartacategoria ("id","carta_id","categoria_id") VALUES (4,'CARySH','CARCATqnK');
INSERT INTO public.webapp_relcartacategoria ("id","carta_id","categoria_id") VALUES (5,'CARrti','CARCATsfq');
INSERT INTO public.webapp_relcartacategoria ("id","carta_id","categoria_id") VALUES (6,'CARaMz','CARCATqnK');
INSERT INTO public.webapp_relcartacategoria ("id","carta_id","categoria_id") VALUES (7,'CARlpc','CARCATsfq');
INSERT INTO public.webapp_relcartacategoria ("id","carta_id","categoria_id") VALUES (8,'CARMok','CARCATqnK');
INSERT INTO public.webapp_relcartacategoria ("id","carta_id","categoria_id") VALUES (9,'CARMok','CARCATsfq');
INSERT INTO public.webapp_relcartacategoria ("id","carta_id","categoria_id") VALUES (10,'CARuMI','CARCATsfq');
INSERT INTO public.webapp_relcartacategoria ("id","carta_id","categoria_id") VALUES (11,'CARdTA','CARCATsfq');
INSERT INTO public.webapp_relcartacategoria ("id","carta_id","categoria_id") VALUES (12,'CARkrr','CARCATsfq');
INSERT INTO public.webapp_relcartacategoria ("id","carta_id","categoria_id") VALUES (13,'CARLQL','CARCATsfq');
INSERT INTO public.webapp_relcartacategoria ("id","carta_id","categoria_id") VALUES (14,'CARqcJ','CARCATsfq');
INSERT INTO public.webapp_relcartacategoria ("id","carta_id","categoria_id") VALUES (15,'CARbWe','CARCATsfq');
INSERT INTO public.webapp_relcartacategoria ("id","carta_id","categoria_id") VALUES (16,'CARpeU','CARCATsfq');
INSERT INTO public.webapp_relcartacategoria ("id","carta_id","categoria_id") VALUES (17,'CAROrl','CARCATsfq');
INSERT INTO public.webapp_relcartacategoria ("id","carta_id","categoria_id") VALUES (18,'CARDyw','CARCATqnK');
INSERT INTO public.webapp_relcartacategoria ("id","carta_id","categoria_id") VALUES (19,'CARDyw','CARCATsfq');
INSERT INTO public.webapp_relcartacategoria ("id","carta_id","categoria_id") VALUES (20,'CARZLs','CARCATsfq');
INSERT INTO public.webapp_relcartacategoria ("id","carta_id","categoria_id") VALUES (21,'CARZLs','CARCATqnK');
INSERT INTO public.webapp_relcartacategoria ("id","carta_id","categoria_id") VALUES (22,'CARRcG','CARCATsfq');
INSERT INTO public.webapp_relcartacategoria ("id","carta_id","categoria_id") VALUES (23,'CARRcG','CARCATqnK');
INSERT INTO public.webapp_relcartacategoria ("id","carta_id","categoria_id") VALUES (24,'CARmpG','CARCATqnK');
INSERT INTO public.webapp_relcartacategoria ("id","carta_id","categoria_id") VALUES (25,'CARddS','CARCATqnK');
INSERT INTO public.webapp_relcartacategoria ("id","carta_id","categoria_id") VALUES (26,'CARBzg','CARCATqnK');
INSERT INTO public.webapp_relcartacategoria ("id","carta_id","categoria_id") VALUES (27,'CARwDo','CARCATqnK');
INSERT INTO public.webapp_relcartacategoria ("id","carta_id","categoria_id") VALUES (28,'CARzau','CARCATsfq');
INSERT INTO public.webapp_relcartacategoria ("id","carta_id","categoria_id") VALUES (29,'CARzau','CARCATqnK');
INSERT INTO public.webapp_relcartacategoria ("id","carta_id","categoria_id") VALUES (30,'CARjrw','CARCATsfq');
INSERT INTO public.webapp_relcartacategoria ("id","carta_id","categoria_id") VALUES (31,'CARClK','CARCATqnK');
INSERT INTO public.webapp_relcartacategoria ("id","carta_id","categoria_id") VALUES (34,'CARDoK','CARCATsfq');
INSERT INTO public.webapp_relcartacategoria ("id","carta_id","categoria_id") VALUES (35,'CARYLk','CARCATqnK');
INSERT INTO public.webapp_relcartacategoria ("id","carta_id","categoria_id") VALUES (36,'CARIDk','CARCATsfq');
INSERT INTO public.webapp_relcartacategoria ("id","carta_id","categoria_id") VALUES (37,'CARqbn','CARCATqnK');
INSERT INTO public.webapp_relcartacategoria ("id","carta_id","categoria_id") VALUES (38,'CARcLU','CARCATqnK');
INSERT INTO public.webapp_relcartacategoria ("id","carta_id","categoria_id") VALUES (39,'CAReOi','CARCATqnK');
INSERT INTO public.webapp_relcartacategoria ("id","carta_id","categoria_id") VALUES (40,'CARkWI','CARCATqnK');
INSERT INTO public.webapp_relcartacategoria ("id","carta_id","categoria_id") VALUES (41,'CARsTF','CARCATsfq');
INSERT INTO public.webapp_relcartacategoria ("id","carta_id","categoria_id") VALUES (42,'CARMOW','CARCATqnK');
INSERT INTO public.webapp_relcartacategoria ("id","carta_id","categoria_id") VALUES (43,'CARyZc','CARCATqnK');
INSERT INTO public.webapp_relcartacategoria ("id","carta_id","categoria_id") VALUES (44,'CARlSw','CARCATsfq');
INSERT INTO public.webapp_relcartacategoria ("id","carta_id","categoria_id") VALUES (45,'CARmUi','CARCATqnK');
INSERT INTO public.webapp_relcartacategoria ("id","carta_id","categoria_id") VALUES (46,'CARonP','CARCATsfq');
INSERT INTO public.webapp_relcartacategoria ("id","carta_id","categoria_id") VALUES (47,'CARNfh','CARCATsfq');
INSERT INTO public.webapp_relcartacategoria ("id","carta_id","categoria_id") VALUES (48,'CARUBU','CARCATqnK');
INSERT INTO public.webapp_relcartacategoria ("id","carta_id","categoria_id") VALUES (49,'CARHCs','CARCATqnK');
INSERT INTO public.webapp_relcartacategoria ("id","carta_id","categoria_id") VALUES (50,'CARpjg','CARCATsfq');
INSERT INTO public.webapp_relcartacategoria ("id","carta_id","categoria_id") VALUES (51,'CARpjg','CARCATqnK');
INSERT INTO public.webapp_relcartacategoria ("id","carta_id","categoria_id") VALUES (52,'CARQlZ','CARCATqnK');
INSERT INTO public.webapp_relcartacategoria ("id","carta_id","categoria_id") VALUES (53,'CARZUg','CARCATsfq');
INSERT INTO public.webapp_relcartacategoria ("id","carta_id","categoria_id") VALUES (54,'CARIsO','CARCATqnK');
INSERT INTO public.webapp_relcartacategoria ("id","carta_id","categoria_id") VALUES (55,'CARDze','CARCATsfq');
INSERT INTO public.webapp_relcartacategoria ("id","carta_id","categoria_id") VALUES (56,'CARFiE','CARCATqnK');
INSERT INTO public.webapp_relcartacategoria ("id","carta_id","categoria_id") VALUES (57,'CARzyl','CARCATqnK');
INSERT INTO public.webapp_usuario ("id","is_superuser","usuNombre","usuApellido","usuFechaNacimiento","usuGenero","usuTelefono","email","password","usuApodo","usuPreferenciaAnuncios","usuStatus","is_active","is_staff","date_joined","last_login") VALUES (1,0,'Carlos','Constante','2004-11-22','M','0983425631','carlosconstantevf@outlook.com','pbkdf2_sha256$260000$FJx2UMcJukah7z4YlLixlB$Gtq2Mf3BW+5LrZ7VQ0XPZ3KyfcrLYTR/OT136zJGMi4=','carlosconstantevf@outlook.com',1,'ACT',1,0,'2025-01-06 15:18:55.293654','2025-01-14 11:24:36.689540');
INSERT INTO public.webapp_usuario ("id","is_superuser","usuNombre","usuApellido","usuFechaNacimiento","usuGenero","usuTelefono","email","password","usuApodo","usuPreferenciaAnuncios","usuStatus","is_active","is_staff","date_joined","last_login") VALUES (2,0,'Rodriguez','Pazmiño','2000-11-22','M','0983425631','staff@outlook.com','pbkdf2_sha256$260000$FJx2UMcJukah7z4YlLixlB$Gtq2Mf3BW+5LrZ7VQ0XPZ3KyfcrLYTR/OT136zJGMi4=','staff@outlook.com',1,'ACT',1,1,'2025-01-06 15:19:55.531758','2025-01-17 08:27:24.611871');
INSERT INTO public.webapp_usuarioxcarrito ("id","usuxcarFechaModificacion","usuxcarStatus","carrito_id","usuario_id") VALUES (1,'2025-01-10 04:16:22.250887','ACT','C-00001',1);
INSERT INTO public.webapp_usuarioxcarrito ("id","usuxcarFechaModificacion","usuxcarStatus","carrito_id","usuario_id") VALUES (2,'2025-01-10 12:16:31.376640','ACT','C-00002',1);
INSERT INTO public.webapp_usuarioxcarrito ("id","usuxcarFechaModificacion","usuxcarStatus","carrito_id","usuario_id") VALUES (3,'2025-01-10 16:49:08.767235','ACT','C-00003',1);
INSERT INTO public.webapp_usuarioxcarrito ("id","usuxcarFechaModificacion","usuxcarStatus","carrito_id","usuario_id") VALUES (4,'2025-01-13 14:43:49.048186','ACT','C-00004',1);