-- Categorías de Carta
INSERT INTO cartacategorias (carxcatCodigo, carxcatNombre, carxcatStatus) VALUES ('CATCNHZ', 'Café', 'ACT');
INSERT INTO cartacategorias (carxcatCodigo, carxcatNombre, carxcatStatus) VALUES ('CATDIHB', 'Té', 'INA');
INSERT INTO cartacategorias (carxcatCodigo, carxcatNombre, carxcatStatus) VALUES ('CATPZYY', 'Postres', 'INA');
INSERT INTO cartacategorias (carxcatCodigo, carxcatNombre, carxcatStatus) VALUES ('CATFWHG', 'Snacks', 'ACT');
INSERT INTO cartacategorias (carxcatCodigo, carxcatNombre, carxcatStatus) VALUES ('CATNEFQ', 'Bebidas Frías', 'ACT');
INSERT INTO cartacategorias (carxcatCodigo, carxcatNombre, carxcatStatus) VALUES ('CATMZXR', 'Ensaladas', 'INA');
INSERT INTO cartacategorias (carxcatCodigo, carxcatNombre, carxcatStatus) VALUES ('CATZDID', 'Sandwiches', 'INA');
INSERT INTO cartacategorias (carxcatCodigo, carxcatNombre, carxcatStatus) VALUES ('CATIMON', 'Jugos Naturales', 'INA');

-- Cartas
INSERT INTO cartas (carCodigo, carNombre, carCantidad, carDescripcion, carPrecio, carFoto, carStatus) VALUES ('CARZQSO', 'Error', 37, 'Iste quod optio magnam. Assumenda voluptates veniam quis ad. Quas tempore nisi unde mollitia sunt.
Veniam itaque enim repellendus iure voluptate excepturi.
Tempore blanditiis molestiae quaerat. Voluptatum eveniet officiis molestiae doloribus.', 9.16, 'https://picsum.photos/417/780', 'ACT');
INSERT INTO cartas (carCodigo, carNombre, carCantidad, carDescripcion, carPrecio, carFoto, carStatus) VALUES ('CARHFGS', 'Dolores', 34, 'Corrupti beatae molestias eaque. Neque sequi ullam fuga nihil aspernatur aperiam. Nihil voluptatibus iusto blanditiis. Debitis officia itaque voluptate ab.', 29.76, 'https://dummyimage.com/348x584', 'ACT');
INSERT INTO cartas (carCodigo, carNombre, carCantidad, carDescripcion, carPrecio, carFoto, carStatus) VALUES ('CARJYLK', 'Animi', 24, 'Voluptatibus esse quam neque esse blanditiis.
Officiis quas dicta nesciunt tempore. Ad eligendi dicta quas consequuntur pariatur.
Odio optio sequi architecto cum. Minus ducimus a. Error voluptate explicabo nisi et.', 21.21, 'https://dummyimage.com/823x120', 'ACT');
INSERT INTO cartas (carCodigo, carNombre, carCantidad, carDescripcion, carPrecio, carFoto, carStatus) VALUES ('CARPPXC', 'Quia', 35, 'Pariatur ipsum commodi illum. Voluptate placeat laborum ea vel veritatis repellat. Recusandae quibusdam maxime totam.
Tempore qui rem nihil animi quasi aspernatur. Eos at qui ad.', 21.05, 'https://picsum.photos/271/848', 'INA');
INSERT INTO cartas (carCodigo, carNombre, carCantidad, carDescripcion, carPrecio, carFoto, carStatus) VALUES ('CARQTHA', 'Fugiat', 26, 'Sit itaque ab rerum consectetur est quam. Eius officiis autem eius quae. Ipsam enim laboriosam doloremque dolor.
Excepturi itaque itaque nesciunt nobis aliquid repudiandae odio. Facere sapiente quaerat quidem ea velit facilis.', 5.09, 'https://placekitten.com/999/455', 'INA');
INSERT INTO cartas (carCodigo, carNombre, carCantidad, carDescripcion, carPrecio, carFoto, carStatus) VALUES ('CARIPQZ', 'Maxime', 38, 'Numquam asperiores error dolorum molestias nisi. Praesentium voluptatibus amet sint eos.
Porro ipsa enim est quisquam assumenda illo. Dolorum dolor ut neque maiores similique blanditiis nobis.
Vel quis culpa quo. Occaecati voluptate ex dolore.', 10.97, 'https://placekitten.com/360/69', 'INA');
INSERT INTO cartas (carCodigo, carNombre, carCantidad, carDescripcion, carPrecio, carFoto, carStatus) VALUES ('CARSYZG', 'Commodi', 28, 'Veniam ratione sed aliquid velit natus. Sit minus illum accusamus et voluptatum. Natus adipisci magni minus pariatur ullam sequi saepe.
Repellat voluptatem corporis reiciendis nulla vero.', 8.96, 'https://dummyimage.com/949x570', 'INA');
INSERT INTO cartas (carCodigo, carNombre, carCantidad, carDescripcion, carPrecio, carFoto, carStatus) VALUES ('CARINIF', 'Ea', 39, 'Earum veritatis beatae quo suscipit blanditiis. A quod vel labore excepturi delectus ducimus. Consequuntur harum aut fugit ipsa porro maxime.
Asperiores quaerat voluptates. Pariatur porro nemo dicta ipsa.', 19.21, 'https://placekitten.com/790/611', 'ACT');
INSERT INTO cartas (carCodigo, carNombre, carCantidad, carDescripcion, carPrecio, carFoto, carStatus) VALUES ('CARIGEG', 'Reiciendis', 19, 'Quos voluptate nostrum laudantium explicabo assumenda. Porro eum sed temporibus officia autem provident.
Doloribus eum numquam eaque voluptatum. Architecto quasi maiores rem voluptatibus maxime ipsum.', 5.37, 'https://placekitten.com/915/806', 'ACT');
INSERT INTO cartas (carCodigo, carNombre, carCantidad, carDescripcion, carPrecio, carFoto, carStatus) VALUES ('CARLAZT', 'Earum', 38, 'Culpa maiores sequi aliquid totam at. Assumenda aut quod vel voluptate quibusdam quos. Excepturi corporis dicta similique ducimus.
Iste minima voluptatem. Omnis quas maiores qui ratione fugit magni. Numquam totam accusantium dignissimos.', 3.78, 'https://dummyimage.com/30x631', 'ACT');
INSERT INTO cartas (carCodigo, carNombre, carCantidad, carDescripcion, carPrecio, carFoto, carStatus) VALUES ('CARZDTD', 'Enim', 36, 'Nisi impedit accusamus minima sunt praesentium. Asperiores suscipit laudantium nam rem quibusdam. Est debitis dolore dolore ea. Numquam voluptates repudiandae distinctio ad voluptatibus quidem.', 47.53, 'https://dummyimage.com/358x458', 'INA');
INSERT INTO cartas (carCodigo, carNombre, carCantidad, carDescripcion, carPrecio, carFoto, carStatus) VALUES ('CARNMFH', 'Eum', 7, 'Assumenda voluptate quaerat maiores unde. Et omnis iure quis natus.
Ducimus asperiores consequuntur facere quisquam. Nulla tempore dolor id omnis eveniet tempore.', 15.5, 'https://picsum.photos/143/459', 'ACT');
INSERT INTO cartas (carCodigo, carNombre, carCantidad, carDescripcion, carPrecio, carFoto, carStatus) VALUES ('CARMQTH', 'Nobis', 38, 'Veritatis esse iusto consectetur. Placeat repudiandae corporis totam laudantium distinctio. Similique tempore autem minus qui.
Facere fugit aspernatur debitis labore. Exercitationem sit maxime voluptatem adipisci.', 24.16, 'https://placekitten.com/882/74', 'INA');
INSERT INTO cartas (carCodigo, carNombre, carCantidad, carDescripcion, carPrecio, carFoto, carStatus) VALUES ('CAROUDT', 'Ipsam', 17, 'Tempore consequatur nulla accusantium praesentium. Distinctio laborum aliquid. Deleniti magni temporibus ipsam quam cum.
Unde velit doloribus animi facere distinctio. Odio eos fuga laboriosam. Eos deserunt maxime.', 19.64, 'https://placekitten.com/694/551', 'INA');
INSERT INTO cartas (carCodigo, carNombre, carCantidad, carDescripcion, carPrecio, carFoto, carStatus) VALUES ('CARIKOJ', 'Ratione', 29, 'Optio possimus optio vitae. Maiores minus assumenda sapiente nesciunt.
Adipisci saepe ullam iste in nostrum. Exercitationem et cumque repudiandae.', 35.52, 'https://placekitten.com/433/949', 'ACT');
INSERT INTO cartas (carCodigo, carNombre, carCantidad, carDescripcion, carPrecio, carFoto, carStatus) VALUES ('CARETRU', 'Quaerat', 10, 'Aliquam est magni perferendis. Perferendis fugiat assumenda saepe ex perspiciatis harum.
Reiciendis repudiandae ea occaecati a molestias. Deserunt ducimus est eveniet. Possimus deleniti perferendis vero tenetur quasi.', 6.11, 'https://dummyimage.com/258x74', 'INA');
INSERT INTO cartas (carCodigo, carNombre, carCantidad, carDescripcion, carPrecio, carFoto, carStatus) VALUES ('CARBXBI', 'Praesentium', 6, 'In distinctio modi ea. Temporibus veritatis voluptatem aperiam omnis expedita saepe. Temporibus facere minus unde tempora.
Quas quaerat magni excepturi hic voluptatum. Quod minima totam adipisci autem deleniti harum.
Unde ut repudiandae voluptatum.', 20.86, 'https://placekitten.com/359/128', 'INA');
INSERT INTO cartas (carCodigo, carNombre, carCantidad, carDescripcion, carPrecio, carFoto, carStatus) VALUES ('CARFROL', 'Ipsa', 15, 'Animi quos nemo quod. Ab quibusdam magni illum reprehenderit. Cum aliquid adipisci.
Iure perspiciatis nihil assumenda velit aperiam. Nulla rerum nam nobis alias expedita. Repellat quisquam impedit iste totam similique.', 30.85, 'https://dummyimage.com/560x38', 'INA');
INSERT INTO cartas (carCodigo, carNombre, carCantidad, carDescripcion, carPrecio, carFoto, carStatus) VALUES ('CARINRW', 'Tempore', 33, 'Ipsam aperiam excepturi facere facilis id. Quam omnis cum commodi.
Et neque asperiores modi vero. Expedita eius voluptate reprehenderit nemo quaerat porro.', 44.26, 'https://picsum.photos/956/484', 'ACT');
INSERT INTO cartas (carCodigo, carNombre, carCantidad, carDescripcion, carPrecio, carFoto, carStatus) VALUES ('CAROECK', 'Dolorem', 28, 'Voluptatem veritatis reiciendis iste quidem fugit.
Voluptate laudantium deserunt ratione enim reiciendis. Molestias neque voluptates aperiam dolorum reiciendis mollitia. Assumenda doloribus cumque incidunt at.', 16.46, 'https://picsum.photos/588/362', 'ACT');
INSERT INTO cartas (carCodigo, carNombre, carCantidad, carDescripcion, carPrecio, carFoto, carStatus) VALUES ('CARTJGN', 'Culpa', 4, 'Harum nihil ex assumenda quasi mollitia maxime. Quas facilis dolore explicabo assumenda deserunt hic.
Modi mollitia aperiam eius. Tempore nostrum eum dolorem aut. Quis quasi sed dignissimos accusamus amet dolorum totam.', 14.69, 'https://placekitten.com/660/93', 'INA');
INSERT INTO cartas (carCodigo, carNombre, carCantidad, carDescripcion, carPrecio, carFoto, carStatus) VALUES ('CARKDIS', 'Occaecati', 46, 'Labore velit saepe mollitia quam corporis enim. Reiciendis deserunt tempora similique.
Ut quam vel ex exercitationem voluptatibus. Est voluptatum ipsa itaque. Corporis ad nulla doloribus.
Possimus quo eaque dicta ullam quaerat.', 26.99, 'https://dummyimage.com/466x371', 'ACT');
INSERT INTO cartas (carCodigo, carNombre, carCantidad, carDescripcion, carPrecio, carFoto, carStatus) VALUES ('CARBZPC', 'Quas', 11, 'Unde quibusdam ipsum modi tempora enim vel.
Ducimus minima tempore quae esse ipsam. Odio minima error non illo dolor tempore ab. Ipsum accusamus a voluptatum ut ducimus dignissimos recusandae.', 21.7, 'https://picsum.photos/377/218', 'ACT');
INSERT INTO cartas (carCodigo, carNombre, carCantidad, carDescripcion, carPrecio, carFoto, carStatus) VALUES ('CARJCPG', 'Alias', 12, 'Totam odit iure assumenda odio enim. Adipisci ex debitis mollitia.
Fuga facere modi magni quam voluptatum hic. A atque quia. Molestiae repellendus delectus nostrum. Quo et deserunt.', 8.54, 'https://picsum.photos/104/72', 'ACT');
INSERT INTO cartas (carCodigo, carNombre, carCantidad, carDescripcion, carPrecio, carFoto, carStatus) VALUES ('CARBZKJ', 'Accusamus', 2, 'Pariatur reprehenderit laborum odit corrupti et molestiae ducimus. Praesentium aliquid dolor rem.
Expedita ipsam quas ex. Deserunt corporis commodi recusandae beatae. Odit eligendi ab sed.
Veniam excepturi magnam error accusantium.', 27.6, 'https://picsum.photos/830/1016', 'INA');
INSERT INTO cartas (carCodigo, carNombre, carCantidad, carDescripcion, carPrecio, carFoto, carStatus) VALUES ('CAROTYF', 'Itaque', 25, 'Earum suscipit quod ipsam. Dolores recusandae culpa quos nesciunt. Sequi voluptate corporis voluptas at.
Minus voluptatibus atque explicabo voluptatibus. Natus tenetur modi. Eum deserunt nesciunt quaerat officiis suscipit.', 8.77, 'https://dummyimage.com/583x589', 'INA');
INSERT INTO cartas (carCodigo, carNombre, carCantidad, carDescripcion, carPrecio, carFoto, carStatus) VALUES ('CARDMTH', 'Quam', 24, 'Earum fugit animi doloribus veniam sunt atque culpa. Sit in modi dolore tenetur nulla.
Quidem nisi aspernatur veniam sunt. Nobis et odit repudiandae voluptate.
Illum sed ducimus nisi quia molestias.', 17.79, 'https://placekitten.com/491/267', 'ACT');
INSERT INTO cartas (carCodigo, carNombre, carCantidad, carDescripcion, carPrecio, carFoto, carStatus) VALUES ('CARFFXP', 'Quidem', 8, 'Natus fugit quasi provident delectus porro nostrum. Tenetur doloremque rem adipisci rem culpa. Error officiis fugiat id fugiat.', 8.12, 'https://dummyimage.com/710x818', 'INA');
INSERT INTO cartas (carCodigo, carNombre, carCantidad, carDescripcion, carPrecio, carFoto, carStatus) VALUES ('CAROPXD', 'Sint', 21, 'At ratione repudiandae harum itaque. Natus vitae nihil ipsum beatae voluptatum quas. Corporis unde laboriosam repudiandae aspernatur.
Quae eos officiis facilis cupiditate. Laboriosam maiores eaque quae.', 36.57, 'https://picsum.photos/252/892', 'ACT');
INSERT INTO cartas (carCodigo, carNombre, carCantidad, carDescripcion, carPrecio, carFoto, carStatus) VALUES ('CARZZST', 'Architecto', 35, 'Consectetur non porro. Error consequuntur pariatur adipisci eos repellat vero ipsa. Reprehenderit saepe aut sed minus officiis perferendis. Tempora laboriosam non cupiditate quis.', 13.93, 'https://picsum.photos/989/584', 'ACT');
INSERT INTO cartas (carCodigo, carNombre, carCantidad, carDescripcion, carPrecio, carFoto, carStatus) VALUES ('CARIVYQ', 'Aspernatur', 45, 'Corporis repudiandae totam quo dolorem assumenda deleniti dolor. Odit quod praesentium. Commodi alias omnis eius eaque veritatis.
Voluptatibus eum sapiente maxime eius aspernatur aliquid. Illo libero assumenda.', 15.11, 'https://picsum.photos/36/140', 'INA');
INSERT INTO cartas (carCodigo, carNombre, carCantidad, carDescripcion, carPrecio, carFoto, carStatus) VALUES ('CARDYSB', 'Temporibus', 33, 'Fugit quae praesentium eum libero officiis.
Magnam adipisci maxime ullam nobis laudantium atque. Suscipit ipsum blanditiis quisquam harum neque dolores.', 3.43, 'https://dummyimage.com/400x4', 'ACT');
INSERT INTO cartas (carCodigo, carNombre, carCantidad, carDescripcion, carPrecio, carFoto, carStatus) VALUES ('CARKEFF', 'Tempora', 12, 'Voluptate ipsum quo dolore atque libero. Veniam inventore est dignissimos quisquam officiis.', 33.23, 'https://placekitten.com/824/396', 'ACT');
INSERT INTO cartas (carCodigo, carNombre, carCantidad, carDescripcion, carPrecio, carFoto, carStatus) VALUES ('CARGBZH', 'Maiores', 28, 'Quam nulla facere iste voluptatem.
Sunt incidunt magni accusamus. Dolore delectus autem voluptas quia.
Culpa architecto a incidunt esse omnis repellendus.', 22.6, 'https://placekitten.com/685/971', 'INA');
INSERT INTO cartas (carCodigo, carNombre, carCantidad, carDescripcion, carPrecio, carFoto, carStatus) VALUES ('CARTIJX', 'Et', 40, 'Cumque maiores sint ex ea. At enim temporibus quas ducimus est. In nisi dignissimos numquam veritatis atque nemo.
Est perferendis autem hic earum consequatur. Vitae veniam magni eligendi. Neque consequuntur ut repudiandae.', 35.7, 'https://dummyimage.com/402x180', 'ACT');
INSERT INTO cartas (carCodigo, carNombre, carCantidad, carDescripcion, carPrecio, carFoto, carStatus) VALUES ('CARKZTN', 'Repudiandae', 16, 'Autem qui consequuntur consectetur repudiandae. Eligendi doloremque earum excepturi ut tempora tempora numquam. Aut quod itaque rem eveniet quae commodi porro.', 39.32, 'https://dummyimage.com/919x835', 'ACT');
INSERT INTO cartas (carCodigo, carNombre, carCantidad, carDescripcion, carPrecio, carFoto, carStatus) VALUES ('CARQBRT', 'Similique', 23, 'Natus atque sed odio. Voluptate ad vitae modi molestiae.
Praesentium minus aperiam provident ipsa ea.
Incidunt suscipit optio eveniet in quasi. Voluptas quaerat fugiat facilis magnam labore id.
Dicta expedita adipisci expedita voluptas.', 21.1, 'https://placekitten.com/995/656', 'INA');
INSERT INTO cartas (carCodigo, carNombre, carCantidad, carDescripcion, carPrecio, carFoto, carStatus) VALUES ('CARUDJZ', 'Mollitia', 3, 'Ipsum quibusdam id in cum. A debitis recusandae dolorum odit eaque sequi. Veniam minus debitis dolores a eveniet molestiae quidem.
Non delectus officia nisi rerum voluptatem ipsum. Dolore ea asperiores nam. Quis officia officia doloremque.', 43.49, 'https://dummyimage.com/506x308', 'INA');
INSERT INTO cartas (carCodigo, carNombre, carCantidad, carDescripcion, carPrecio, carFoto, carStatus) VALUES ('CARQIRC', 'Fuga', 28, 'Recusandae iusto aliquid dolorum similique consequatur repudiandae ea.
Occaecati assumenda porro explicabo.', 43.31, 'https://picsum.photos/236/448', 'INA');
INSERT INTO cartas (carCodigo, carNombre, carCantidad, carDescripcion, carPrecio, carFoto, carStatus) VALUES ('CARGYWZ', 'Illo', 46, 'Molestiae quia cum numquam officiis reiciendis. Voluptatem similique asperiores. Dolorum quas tempore corporis mollitia repudiandae autem.', 7.06, 'https://placekitten.com/263/532', 'ACT');
INSERT INTO cartas (carCodigo, carNombre, carCantidad, carDescripcion, carPrecio, carFoto, carStatus) VALUES ('CARXPLZ', 'Placeat', 21, 'Optio laboriosam dolores maiores.
Assumenda quidem autem fugit quia unde rem. Inventore qui cupiditate doloremque perspiciatis qui in.', 1.89, 'https://placekitten.com/147/963', 'INA');
INSERT INTO cartas (carCodigo, carNombre, carCantidad, carDescripcion, carPrecio, carFoto, carStatus) VALUES ('CARHUUK', 'Labore', 28, 'Cum non odit harum similique quos. Natus iusto deserunt itaque. Tenetur iste quisquam tenetur.
Natus recusandae et molestias explicabo. Tempore dolores neque illo. Nisi facere voluptas dignissimos.', 29.95, 'https://picsum.photos/1010/65', 'ACT');
INSERT INTO cartas (carCodigo, carNombre, carCantidad, carDescripcion, carPrecio, carFoto, carStatus) VALUES ('CARUMUF', 'Aperiam', 26, 'Necessitatibus aliquid voluptate temporibus sunt eius sapiente. Iure dolores a molestias harum sequi placeat.
Alias consectetur omnis placeat molestiae. Magnam consequuntur dolores repellat molestias nihil facilis similique.', 16.8, 'https://placekitten.com/424/997', 'ACT');
INSERT INTO cartas (carCodigo, carNombre, carCantidad, carDescripcion, carPrecio, carFoto, carStatus) VALUES ('CARNDIF', 'Distinctio', 21, 'Dolores ducimus sequi veniam aperiam. Non necessitatibus praesentium rem quidem quo aperiam laboriosam.
Consequatur tempora accusantium iusto dolorem. Magni repudiandae recusandae recusandae.
Nobis at quibusdam alias. Nulla optio enim aliquam.', 27.72, 'https://dummyimage.com/843x759', 'ACT');
INSERT INTO cartas (carCodigo, carNombre, carCantidad, carDescripcion, carPrecio, carFoto, carStatus) VALUES ('CARWNHI', 'Ut', 43, 'Ipsam vitae praesentium. Aliquid cum mollitia cumque facere aperiam ratione asperiores.
Iure blanditiis ex quo cumque itaque quasi. Rem unde expedita modi vel velit corrupti.', 14.74, 'https://placekitten.com/753/136', 'INA');
INSERT INTO cartas (carCodigo, carNombre, carCantidad, carDescripcion, carPrecio, carFoto, carStatus) VALUES ('CARZXNH', 'Porro', 36, 'Excepturi doloribus atque laborum autem assumenda quae iste. Iste deleniti sunt voluptatem. Eos dolore qui ipsa explicabo culpa.', 25.36, 'https://placekitten.com/868/854', 'ACT');
INSERT INTO cartas (carCodigo, carNombre, carCantidad, carDescripcion, carPrecio, carFoto, carStatus) VALUES ('CARWMYB', 'Accusantium', 6, 'Quibusdam et error odio commodi aperiam esse. Perspiciatis ea repellat quidem. Dignissimos non a laborum ducimus quasi id.
Corrupti laudantium iusto iste dolorum pariatur. Ab possimus doloremque unde magni provident. Cupiditate culpa officia laborum.', 35.26, 'https://placekitten.com/148/101', 'INA');
INSERT INTO cartas (carCodigo, carNombre, carCantidad, carDescripcion, carPrecio, carFoto, carStatus) VALUES ('CARFWJZ', 'Nemo', 8, 'Explicabo qui repellat quos voluptatum.
Eaque neque ratione earum iusto nostrum optio itaque. Quaerat accusantium ipsam saepe vero illum.
Consequatur consequuntur laboriosam itaque adipisci pariatur. Dolore sequi veniam et facilis dolorem.', 1.61, 'https://dummyimage.com/885x249', 'ACT');
INSERT INTO cartas (carCodigo, carNombre, carCantidad, carDescripcion, carPrecio, carFoto, carStatus) VALUES ('CARQKUP', 'Autem', 3, 'Nulla optio debitis nostrum aspernatur voluptatum ducimus. Beatae earum quisquam blanditiis vel. Nesciunt ratione quo eos dignissimos pariatur.
Sint nobis veniam ipsam eveniet. Facilis dolore aliquid totam ducimus itaque quod.', 31.24, 'https://placekitten.com/519/212', 'INA');
INSERT INTO cartas (carCodigo, carNombre, carCantidad, carDescripcion, carPrecio, carFoto, carStatus) VALUES ('CARSKCA', 'Laboriosam', 43, 'Distinctio delectus quos ducimus vel labore error laborum. Occaecati fuga harum voluptatem nisi iure. Harum quos magni facere ex dignissimos.
Sed at aliquid a recusandae odit nisi. Numquam ut at earum quas quod. Exercitationem placeat quod magnam.', 27.53, 'https://picsum.photos/848/13', 'INA');

-- Relaciones Carta-Categorías
INSERT INTO relcartacategorias (cartaId, categoriaId, relCartaCategoriaId) VALUES ('CARZQSO', 'CATMZXR', 9778);
INSERT INTO relcartacategorias (cartaId, categoriaId, relCartaCategoriaId) VALUES ('CARHFGS', 'CATCNHZ', 9923);
INSERT INTO relcartacategorias (cartaId, categoriaId, relCartaCategoriaId) VALUES ('CARHFGS', 'CATPZYY', 49843);
INSERT INTO relcartacategorias (cartaId, categoriaId, relCartaCategoriaId) VALUES ('CARJYLK', 'CATDIHB', 208);
INSERT INTO relcartacategorias (cartaId, categoriaId, relCartaCategoriaId) VALUES ('CARPPXC', 'CATIMON', 94141);
INSERT INTO relcartacategorias (cartaId, categoriaId, relCartaCategoriaId) VALUES ('CARQTHA', 'CATIMON', 53107);
INSERT INTO relcartacategorias (cartaId, categoriaId, relCartaCategoriaId) VALUES ('CARIPQZ', 'CATPZYY', 77124);
INSERT INTO relcartacategorias (cartaId, categoriaId, relCartaCategoriaId) VALUES ('CARIPQZ', 'CATNEFQ', 11219);
INSERT INTO relcartacategorias (cartaId, categoriaId, relCartaCategoriaId) VALUES ('CARSYZG', 'CATDIHB', 88986);
INSERT INTO relcartacategorias (cartaId, categoriaId, relCartaCategoriaId) VALUES ('CARSYZG', 'CATCNHZ', 73819);
INSERT INTO relcartacategorias (cartaId, categoriaId, relCartaCategoriaId) VALUES ('CARINIF', 'CATCNHZ', 19938);
INSERT INTO relcartacategorias (cartaId, categoriaId, relCartaCategoriaId) VALUES ('CARINIF', 'CATNEFQ', 65902);
INSERT INTO relcartacategorias (cartaId, categoriaId, relCartaCategoriaId) VALUES ('CARIGEG', 'CATMZXR', 83631);
INSERT INTO relcartacategorias (cartaId, categoriaId, relCartaCategoriaId) VALUES ('CARLAZT', 'CATPZYY', 56966);
INSERT INTO relcartacategorias (cartaId, categoriaId, relCartaCategoriaId) VALUES ('CARZDTD', 'CATNEFQ', 81233);
INSERT INTO relcartacategorias (cartaId, categoriaId, relCartaCategoriaId) VALUES ('CARZDTD', 'CATCNHZ', 46997);
INSERT INTO relcartacategorias (cartaId, categoriaId, relCartaCategoriaId) VALUES ('CARNMFH', 'CATDIHB', 75244);
INSERT INTO relcartacategorias (cartaId, categoriaId, relCartaCategoriaId) VALUES ('CARNMFH', 'CATPZYY', 43341);
INSERT INTO relcartacategorias (cartaId, categoriaId, relCartaCategoriaId) VALUES ('CARMQTH', 'CATZDID', 74499);
INSERT INTO relcartacategorias (cartaId, categoriaId, relCartaCategoriaId) VALUES ('CAROUDT', 'CATZDID', 26730);
INSERT INTO relcartacategorias (cartaId, categoriaId, relCartaCategoriaId) VALUES ('CAROUDT', 'CATIMON', 37113);
INSERT INTO relcartacategorias (cartaId, categoriaId, relCartaCategoriaId) VALUES ('CARIKOJ', 'CATIMON', 1249);
INSERT INTO relcartacategorias (cartaId, categoriaId, relCartaCategoriaId) VALUES ('CARETRU', 'CATDIHB', 17575);
INSERT INTO relcartacategorias (cartaId, categoriaId, relCartaCategoriaId) VALUES ('CARETRU', 'CATFWHG', 41640);
INSERT INTO relcartacategorias (cartaId, categoriaId, relCartaCategoriaId) VALUES ('CARBXBI', 'CATNEFQ', 35809);
INSERT INTO relcartacategorias (cartaId, categoriaId, relCartaCategoriaId) VALUES ('CARFROL', 'CATCNHZ', 79891);
INSERT INTO relcartacategorias (cartaId, categoriaId, relCartaCategoriaId) VALUES ('CARFROL', 'CATDIHB', 41867);
INSERT INTO relcartacategorias (cartaId, categoriaId, relCartaCategoriaId) VALUES ('CARINRW', 'CATNEFQ', 53453);
INSERT INTO relcartacategorias (cartaId, categoriaId, relCartaCategoriaId) VALUES ('CARINRW', 'CATIMON', 10368);
INSERT INTO relcartacategorias (cartaId, categoriaId, relCartaCategoriaId) VALUES ('CAROECK', 'CATMZXR', 92919);
INSERT INTO relcartacategorias (cartaId, categoriaId, relCartaCategoriaId) VALUES ('CAROECK', 'CATDIHB', 33056);
INSERT INTO relcartacategorias (cartaId, categoriaId, relCartaCategoriaId) VALUES ('CARTJGN', 'CATPZYY', 84410);
INSERT INTO relcartacategorias (cartaId, categoriaId, relCartaCategoriaId) VALUES ('CARTJGN', 'CATZDID', 14165);
INSERT INTO relcartacategorias (cartaId, categoriaId, relCartaCategoriaId) VALUES ('CARKDIS', 'CATPZYY', 5076);
INSERT INTO relcartacategorias (cartaId, categoriaId, relCartaCategoriaId) VALUES ('CARKDIS', 'CATZDID', 86638);
INSERT INTO relcartacategorias (cartaId, categoriaId, relCartaCategoriaId) VALUES ('CARBZPC', 'CATCNHZ', 43094);
INSERT INTO relcartacategorias (cartaId, categoriaId, relCartaCategoriaId) VALUES ('CARBZPC', 'CATNEFQ', 16606);
INSERT INTO relcartacategorias (cartaId, categoriaId, relCartaCategoriaId) VALUES ('CARJCPG', 'CATIMON', 87475);
INSERT INTO relcartacategorias (cartaId, categoriaId, relCartaCategoriaId) VALUES ('CARBZKJ', 'CATIMON', 60646);
INSERT INTO relcartacategorias (cartaId, categoriaId, relCartaCategoriaId) VALUES ('CARBZKJ', 'CATPZYY', 96000);
INSERT INTO relcartacategorias (cartaId, categoriaId, relCartaCategoriaId) VALUES ('CAROTYF', 'CATMZXR', 96958);
INSERT INTO relcartacategorias (cartaId, categoriaId, relCartaCategoriaId) VALUES ('CAROTYF', 'CATNEFQ', 61689);
INSERT INTO relcartacategorias (cartaId, categoriaId, relCartaCategoriaId) VALUES ('CARDMTH', 'CATFWHG', 61645);
INSERT INTO relcartacategorias (cartaId, categoriaId, relCartaCategoriaId) VALUES ('CARFFXP', 'CATZDID', 74857);
INSERT INTO relcartacategorias (cartaId, categoriaId, relCartaCategoriaId) VALUES ('CARFFXP', 'CATDIHB', 40127);
INSERT INTO relcartacategorias (cartaId, categoriaId, relCartaCategoriaId) VALUES ('CAROPXD', 'CATCNHZ', 3364);
INSERT INTO relcartacategorias (cartaId, categoriaId, relCartaCategoriaId) VALUES ('CAROPXD', 'CATIMON', 95136);
INSERT INTO relcartacategorias (cartaId, categoriaId, relCartaCategoriaId) VALUES ('CARZZST', 'CATCNHZ', 42614);
INSERT INTO relcartacategorias (cartaId, categoriaId, relCartaCategoriaId) VALUES ('CARZZST', 'CATZDID', 26029);
INSERT INTO relcartacategorias (cartaId, categoriaId, relCartaCategoriaId) VALUES ('CARIVYQ', 'CATIMON', 66377);
INSERT INTO relcartacategorias (cartaId, categoriaId, relCartaCategoriaId) VALUES ('CARDYSB', 'CATCNHZ', 23779);
INSERT INTO relcartacategorias (cartaId, categoriaId, relCartaCategoriaId) VALUES ('CARKEFF', 'CATMZXR', 73974);
INSERT INTO relcartacategorias (cartaId, categoriaId, relCartaCategoriaId) VALUES ('CARKEFF', 'CATFWHG', 55766);
INSERT INTO relcartacategorias (cartaId, categoriaId, relCartaCategoriaId) VALUES ('CARGBZH', 'CATFWHG', 9267);
INSERT INTO relcartacategorias (cartaId, categoriaId, relCartaCategoriaId) VALUES ('CARTIJX', 'CATCNHZ', 37883);
INSERT INTO relcartacategorias (cartaId, categoriaId, relCartaCategoriaId) VALUES ('CARTIJX', 'CATDIHB', 60659);
INSERT INTO relcartacategorias (cartaId, categoriaId, relCartaCategoriaId) VALUES ('CARKZTN', 'CATMZXR', 25779);
INSERT INTO relcartacategorias (cartaId, categoriaId, relCartaCategoriaId) VALUES ('CARQBRT', 'CATMZXR', 85493);
INSERT INTO relcartacategorias (cartaId, categoriaId, relCartaCategoriaId) VALUES ('CARQBRT', 'CATFWHG', 52896);
INSERT INTO relcartacategorias (cartaId, categoriaId, relCartaCategoriaId) VALUES ('CARUDJZ', 'CATZDID', 33291);
INSERT INTO relcartacategorias (cartaId, categoriaId, relCartaCategoriaId) VALUES ('CARQIRC', 'CATZDID', 45128);
INSERT INTO relcartacategorias (cartaId, categoriaId, relCartaCategoriaId) VALUES ('CARGYWZ', 'CATCNHZ', 19939);
INSERT INTO relcartacategorias (cartaId, categoriaId, relCartaCategoriaId) VALUES ('CARGYWZ', 'CATNEFQ', 54495);
INSERT INTO relcartacategorias (cartaId, categoriaId, relCartaCategoriaId) VALUES ('CARXPLZ', 'CATDIHB', 45342);
INSERT INTO relcartacategorias (cartaId, categoriaId, relCartaCategoriaId) VALUES ('CARHUUK', 'CATIMON', 20174);
INSERT INTO relcartacategorias (cartaId, categoriaId, relCartaCategoriaId) VALUES ('CARUMUF', 'CATDIHB', 30993);
INSERT INTO relcartacategorias (cartaId, categoriaId, relCartaCategoriaId) VALUES ('CARNDIF', 'CATZDID', 92701);
INSERT INTO relcartacategorias (cartaId, categoriaId, relCartaCategoriaId) VALUES ('CARWNHI', 'CATCNHZ', 23554);
INSERT INTO relcartacategorias (cartaId, categoriaId, relCartaCategoriaId) VALUES ('CARZXNH', 'CATMZXR', 42072);
INSERT INTO relcartacategorias (cartaId, categoriaId, relCartaCategoriaId) VALUES ('CARZXNH', 'CATZDID', 28867);
INSERT INTO relcartacategorias (cartaId, categoriaId, relCartaCategoriaId) VALUES ('CARWMYB', 'CATNEFQ', 6032);
INSERT INTO relcartacategorias (cartaId, categoriaId, relCartaCategoriaId) VALUES ('CARFWJZ', 'CATMZXR', 28974);
INSERT INTO relcartacategorias (cartaId, categoriaId, relCartaCategoriaId) VALUES ('CARQKUP', 'CATPZYY', 78435);
INSERT INTO relcartacategorias (cartaId, categoriaId, relCartaCategoriaId) VALUES ('CARSKCA', 'CATNEFQ', 52454);
